path,sequence
/ssd/leftImg8bit_sequence/train/aachen,0
/ssd/leftImg8bit_sequence/train/aachen,1
/ssd/leftImg8bit_sequence/train/aachen,2
/ssd/leftImg8bit_sequence/train/aachen,3
/ssd/leftImg8bit_sequence/train/aachen,4
/ssd/leftImg8bit_sequence/train/aachen,5
/ssd/leftImg8bit_sequence/train/aachen,6
/ssd/leftImg8bit_sequence/train/aachen,7
/ssd/leftImg8bit_sequence/train/aachen,8
/ssd/leftImg8bit_sequence/train/aachen,9
/ssd/leftImg8bit_sequence/train/aachen,10
/ssd/leftImg8bit_sequence/train/aachen,11
/ssd/leftImg8bit_sequence/train/aachen,12
/ssd/leftImg8bit_sequence/train/aachen,13
/ssd/leftImg8bit_sequence/train/aachen,14
/ssd/leftImg8bit_sequence/train/aachen,15
/ssd/leftImg8bit_sequence/train/aachen,16
/ssd/leftImg8bit_sequence/train/aachen,17
/ssd/leftImg8bit_sequence/train/aachen,18
/ssd/leftImg8bit_sequence/train/aachen,19
/ssd/leftImg8bit_sequence/train/aachen,20
/ssd/leftImg8bit_sequence/train/aachen,21
/ssd/leftImg8bit_sequence/train/aachen,22
/ssd/leftImg8bit_sequence/train/aachen,23
/ssd/leftImg8bit_sequence/train/aachen,24
/ssd/leftImg8bit_sequence/train/aachen,25
/ssd/leftImg8bit_sequence/train/aachen,26
/ssd/leftImg8bit_sequence/train/aachen,27
/ssd/leftImg8bit_sequence/train/aachen,28
/ssd/leftImg8bit_sequence/train/aachen,29
/ssd/leftImg8bit_sequence/train/aachen,30
/ssd/leftImg8bit_sequence/train/aachen,31
/ssd/leftImg8bit_sequence/train/aachen,32
/ssd/leftImg8bit_sequence/train/aachen,33
/ssd/leftImg8bit_sequence/train/aachen,34
/ssd/leftImg8bit_sequence/train/aachen,35
/ssd/leftImg8bit_sequence/train/aachen,36
/ssd/leftImg8bit_sequence/train/aachen,37
/ssd/leftImg8bit_sequence/train/aachen,38
/ssd/leftImg8bit_sequence/train/aachen,39
/ssd/leftImg8bit_sequence/train/aachen,40
/ssd/leftImg8bit_sequence/train/aachen,41
/ssd/leftImg8bit_sequence/train/aachen,42
/ssd/leftImg8bit_sequence/train/aachen,43
/ssd/leftImg8bit_sequence/train/aachen,44
/ssd/leftImg8bit_sequence/train/aachen,45
/ssd/leftImg8bit_sequence/train/aachen,46
/ssd/leftImg8bit_sequence/train/aachen,47
/ssd/leftImg8bit_sequence/train/aachen,48
/ssd/leftImg8bit_sequence/train/aachen,49
/ssd/leftImg8bit_sequence/train/aachen,50
/ssd/leftImg8bit_sequence/train/aachen,51
/ssd/leftImg8bit_sequence/train/aachen,52
/ssd/leftImg8bit_sequence/train/aachen,53
/ssd/leftImg8bit_sequence/train/aachen,54
/ssd/leftImg8bit_sequence/train/aachen,55
/ssd/leftImg8bit_sequence/train/aachen,56
/ssd/leftImg8bit_sequence/train/aachen,57
/ssd/leftImg8bit_sequence/train/aachen,58
/ssd/leftImg8bit_sequence/train/aachen,59
/ssd/leftImg8bit_sequence/train/aachen,60
/ssd/leftImg8bit_sequence/train/aachen,61
/ssd/leftImg8bit_sequence/train/aachen,62
/ssd/leftImg8bit_sequence/train/aachen,63
/ssd/leftImg8bit_sequence/train/aachen,64
/ssd/leftImg8bit_sequence/train/aachen,65
/ssd/leftImg8bit_sequence/train/aachen,66
/ssd/leftImg8bit_sequence/train/aachen,67
/ssd/leftImg8bit_sequence/train/aachen,68
/ssd/leftImg8bit_sequence/train/aachen,69
/ssd/leftImg8bit_sequence/train/aachen,70
/ssd/leftImg8bit_sequence/train/aachen,71
/ssd/leftImg8bit_sequence/train/aachen,72
/ssd/leftImg8bit_sequence/train/aachen,73
/ssd/leftImg8bit_sequence/train/aachen,74
/ssd/leftImg8bit_sequence/train/aachen,75
/ssd/leftImg8bit_sequence/train/aachen,76
/ssd/leftImg8bit_sequence/train/aachen,77
/ssd/leftImg8bit_sequence/train/aachen,78
/ssd/leftImg8bit_sequence/train/aachen,79
/ssd/leftImg8bit_sequence/train/aachen,80
/ssd/leftImg8bit_sequence/train/aachen,81
/ssd/leftImg8bit_sequence/train/aachen,82
/ssd/leftImg8bit_sequence/train/aachen,83
/ssd/leftImg8bit_sequence/train/aachen,84
/ssd/leftImg8bit_sequence/train/aachen,85
/ssd/leftImg8bit_sequence/train/aachen,86
/ssd/leftImg8bit_sequence/train/aachen,87
/ssd/leftImg8bit_sequence/train/aachen,88
/ssd/leftImg8bit_sequence/train/aachen,89
/ssd/leftImg8bit_sequence/train/aachen,90
/ssd/leftImg8bit_sequence/train/aachen,91
/ssd/leftImg8bit_sequence/train/aachen,92
/ssd/leftImg8bit_sequence/train/aachen,93
/ssd/leftImg8bit_sequence/train/aachen,94
/ssd/leftImg8bit_sequence/train/aachen,95
/ssd/leftImg8bit_sequence/train/aachen,96
/ssd/leftImg8bit_sequence/train/aachen,97
/ssd/leftImg8bit_sequence/train/aachen,98
/ssd/leftImg8bit_sequence/train/aachen,99
/ssd/leftImg8bit_sequence/train/aachen,100
/ssd/leftImg8bit_sequence/train/aachen,101
/ssd/leftImg8bit_sequence/train/aachen,102
/ssd/leftImg8bit_sequence/train/aachen,103
/ssd/leftImg8bit_sequence/train/aachen,104
/ssd/leftImg8bit_sequence/train/aachen,105
/ssd/leftImg8bit_sequence/train/aachen,106
/ssd/leftImg8bit_sequence/train/aachen,107
/ssd/leftImg8bit_sequence/train/aachen,108
/ssd/leftImg8bit_sequence/train/aachen,109
/ssd/leftImg8bit_sequence/train/aachen,110
/ssd/leftImg8bit_sequence/train/aachen,111
/ssd/leftImg8bit_sequence/train/aachen,112
/ssd/leftImg8bit_sequence/train/aachen,113
/ssd/leftImg8bit_sequence/train/aachen,114
/ssd/leftImg8bit_sequence/train/aachen,115
/ssd/leftImg8bit_sequence/train/aachen,116
/ssd/leftImg8bit_sequence/train/aachen,117
/ssd/leftImg8bit_sequence/train/aachen,118
/ssd/leftImg8bit_sequence/train/aachen,119
/ssd/leftImg8bit_sequence/train/aachen,120
/ssd/leftImg8bit_sequence/train/aachen,121
/ssd/leftImg8bit_sequence/train/aachen,122
/ssd/leftImg8bit_sequence/train/aachen,123
/ssd/leftImg8bit_sequence/train/aachen,124
/ssd/leftImg8bit_sequence/train/aachen,125
/ssd/leftImg8bit_sequence/train/aachen,126
/ssd/leftImg8bit_sequence/train/aachen,127
/ssd/leftImg8bit_sequence/train/aachen,128
/ssd/leftImg8bit_sequence/train/aachen,129
/ssd/leftImg8bit_sequence/train/aachen,130
/ssd/leftImg8bit_sequence/train/aachen,131
/ssd/leftImg8bit_sequence/train/aachen,132
/ssd/leftImg8bit_sequence/train/aachen,133
/ssd/leftImg8bit_sequence/train/aachen,134
/ssd/leftImg8bit_sequence/train/aachen,135
/ssd/leftImg8bit_sequence/train/aachen,136
/ssd/leftImg8bit_sequence/train/aachen,137
/ssd/leftImg8bit_sequence/train/aachen,138
/ssd/leftImg8bit_sequence/train/aachen,139
/ssd/leftImg8bit_sequence/train/aachen,140
/ssd/leftImg8bit_sequence/train/aachen,141
/ssd/leftImg8bit_sequence/train/aachen,142
/ssd/leftImg8bit_sequence/train/aachen,143
/ssd/leftImg8bit_sequence/train/aachen,144
/ssd/leftImg8bit_sequence/train/aachen,145
/ssd/leftImg8bit_sequence/train/aachen,146
/ssd/leftImg8bit_sequence/train/aachen,147
/ssd/leftImg8bit_sequence/train/aachen,148
/ssd/leftImg8bit_sequence/train/aachen,149
/ssd/leftImg8bit_sequence/train/aachen,150
/ssd/leftImg8bit_sequence/train/aachen,151
/ssd/leftImg8bit_sequence/train/aachen,152
/ssd/leftImg8bit_sequence/train/aachen,153
/ssd/leftImg8bit_sequence/train/aachen,154
/ssd/leftImg8bit_sequence/train/aachen,155
/ssd/leftImg8bit_sequence/train/aachen,156
/ssd/leftImg8bit_sequence/train/aachen,157
/ssd/leftImg8bit_sequence/train/aachen,158
/ssd/leftImg8bit_sequence/train/aachen,159
/ssd/leftImg8bit_sequence/train/aachen,160
/ssd/leftImg8bit_sequence/train/aachen,161
/ssd/leftImg8bit_sequence/train/aachen,162
/ssd/leftImg8bit_sequence/train/aachen,163
/ssd/leftImg8bit_sequence/train/aachen,164
/ssd/leftImg8bit_sequence/train/aachen,165
/ssd/leftImg8bit_sequence/train/aachen,166
/ssd/leftImg8bit_sequence/train/aachen,167
/ssd/leftImg8bit_sequence/train/aachen,168
/ssd/leftImg8bit_sequence/train/aachen,169
/ssd/leftImg8bit_sequence/train/aachen,170
/ssd/leftImg8bit_sequence/train/aachen,171
/ssd/leftImg8bit_sequence/train/aachen,172
/ssd/leftImg8bit_sequence/train/aachen,173
/ssd/leftImg8bit_sequence/train/bochum,0
/ssd/leftImg8bit_sequence/train/bremen,0
/ssd/leftImg8bit_sequence/train/bremen,1
/ssd/leftImg8bit_sequence/train/bremen,2
/ssd/leftImg8bit_sequence/train/bremen,3
/ssd/leftImg8bit_sequence/train/bremen,4
/ssd/leftImg8bit_sequence/train/bremen,5
/ssd/leftImg8bit_sequence/train/bremen,6
/ssd/leftImg8bit_sequence/train/bremen,7
/ssd/leftImg8bit_sequence/train/bremen,8
/ssd/leftImg8bit_sequence/train/bremen,9
/ssd/leftImg8bit_sequence/train/bremen,10
/ssd/leftImg8bit_sequence/train/bremen,11
/ssd/leftImg8bit_sequence/train/bremen,12
/ssd/leftImg8bit_sequence/train/bremen,13
/ssd/leftImg8bit_sequence/train/bremen,14
/ssd/leftImg8bit_sequence/train/bremen,15
/ssd/leftImg8bit_sequence/train/bremen,16
/ssd/leftImg8bit_sequence/train/bremen,17
/ssd/leftImg8bit_sequence/train/bremen,18
/ssd/leftImg8bit_sequence/train/bremen,19
/ssd/leftImg8bit_sequence/train/bremen,20
/ssd/leftImg8bit_sequence/train/bremen,21
/ssd/leftImg8bit_sequence/train/bremen,22
/ssd/leftImg8bit_sequence/train/bremen,23
/ssd/leftImg8bit_sequence/train/bremen,24
/ssd/leftImg8bit_sequence/train/bremen,25
/ssd/leftImg8bit_sequence/train/bremen,26
/ssd/leftImg8bit_sequence/train/bremen,27
/ssd/leftImg8bit_sequence/train/bremen,28
/ssd/leftImg8bit_sequence/train/bremen,29
/ssd/leftImg8bit_sequence/train/bremen,30
/ssd/leftImg8bit_sequence/train/bremen,31
/ssd/leftImg8bit_sequence/train/bremen,32
/ssd/leftImg8bit_sequence/train/bremen,33
/ssd/leftImg8bit_sequence/train/bremen,34
/ssd/leftImg8bit_sequence/train/bremen,35
/ssd/leftImg8bit_sequence/train/bremen,36
/ssd/leftImg8bit_sequence/train/bremen,37
/ssd/leftImg8bit_sequence/train/bremen,38
/ssd/leftImg8bit_sequence/train/bremen,39
/ssd/leftImg8bit_sequence/train/bremen,40
/ssd/leftImg8bit_sequence/train/bremen,41
/ssd/leftImg8bit_sequence/train/bremen,42
/ssd/leftImg8bit_sequence/train/bremen,43
/ssd/leftImg8bit_sequence/train/bremen,44
/ssd/leftImg8bit_sequence/train/bremen,45
/ssd/leftImg8bit_sequence/train/bremen,46
/ssd/leftImg8bit_sequence/train/bremen,47
/ssd/leftImg8bit_sequence/train/bremen,48
/ssd/leftImg8bit_sequence/train/bremen,49
/ssd/leftImg8bit_sequence/train/bremen,50
/ssd/leftImg8bit_sequence/train/bremen,51
/ssd/leftImg8bit_sequence/train/bremen,52
/ssd/leftImg8bit_sequence/train/bremen,53
/ssd/leftImg8bit_sequence/train/bremen,54
/ssd/leftImg8bit_sequence/train/bremen,55
/ssd/leftImg8bit_sequence/train/bremen,56
/ssd/leftImg8bit_sequence/train/bremen,57
/ssd/leftImg8bit_sequence/train/bremen,58
/ssd/leftImg8bit_sequence/train/bremen,59
/ssd/leftImg8bit_sequence/train/bremen,60
/ssd/leftImg8bit_sequence/train/bremen,61
/ssd/leftImg8bit_sequence/train/bremen,62
/ssd/leftImg8bit_sequence/train/bremen,63
/ssd/leftImg8bit_sequence/train/bremen,64
/ssd/leftImg8bit_sequence/train/bremen,65
/ssd/leftImg8bit_sequence/train/bremen,66
/ssd/leftImg8bit_sequence/train/bremen,67
/ssd/leftImg8bit_sequence/train/bremen,68
/ssd/leftImg8bit_sequence/train/bremen,69
/ssd/leftImg8bit_sequence/train/bremen,70
/ssd/leftImg8bit_sequence/train/bremen,71
/ssd/leftImg8bit_sequence/train/bremen,72
/ssd/leftImg8bit_sequence/train/bremen,73
/ssd/leftImg8bit_sequence/train/bremen,74
/ssd/leftImg8bit_sequence/train/bremen,75
/ssd/leftImg8bit_sequence/train/bremen,76
/ssd/leftImg8bit_sequence/train/bremen,77
/ssd/leftImg8bit_sequence/train/bremen,78
/ssd/leftImg8bit_sequence/train/bremen,79
/ssd/leftImg8bit_sequence/train/bremen,80
/ssd/leftImg8bit_sequence/train/bremen,81
/ssd/leftImg8bit_sequence/train/bremen,82
/ssd/leftImg8bit_sequence/train/bremen,83
/ssd/leftImg8bit_sequence/train/bremen,84
/ssd/leftImg8bit_sequence/train/bremen,85
/ssd/leftImg8bit_sequence/train/bremen,86
/ssd/leftImg8bit_sequence/train/bremen,87
/ssd/leftImg8bit_sequence/train/bremen,88
/ssd/leftImg8bit_sequence/train/bremen,89
/ssd/leftImg8bit_sequence/train/bremen,90
/ssd/leftImg8bit_sequence/train/bremen,91
/ssd/leftImg8bit_sequence/train/bremen,92
/ssd/leftImg8bit_sequence/train/bremen,93
/ssd/leftImg8bit_sequence/train/bremen,94
/ssd/leftImg8bit_sequence/train/bremen,95
/ssd/leftImg8bit_sequence/train/bremen,96
/ssd/leftImg8bit_sequence/train/bremen,97
/ssd/leftImg8bit_sequence/train/bremen,98
/ssd/leftImg8bit_sequence/train/bremen,99
/ssd/leftImg8bit_sequence/train/bremen,100
/ssd/leftImg8bit_sequence/train/bremen,101
/ssd/leftImg8bit_sequence/train/bremen,102
/ssd/leftImg8bit_sequence/train/bremen,103
/ssd/leftImg8bit_sequence/train/bremen,104
/ssd/leftImg8bit_sequence/train/bremen,105
/ssd/leftImg8bit_sequence/train/bremen,106
/ssd/leftImg8bit_sequence/train/bremen,107
/ssd/leftImg8bit_sequence/train/bremen,108
/ssd/leftImg8bit_sequence/train/bremen,109
/ssd/leftImg8bit_sequence/train/bremen,110
/ssd/leftImg8bit_sequence/train/bremen,111
/ssd/leftImg8bit_sequence/train/bremen,112
/ssd/leftImg8bit_sequence/train/bremen,113
/ssd/leftImg8bit_sequence/train/bremen,114
/ssd/leftImg8bit_sequence/train/bremen,115
/ssd/leftImg8bit_sequence/train/bremen,116
/ssd/leftImg8bit_sequence/train/bremen,117
/ssd/leftImg8bit_sequence/train/bremen,118
/ssd/leftImg8bit_sequence/train/bremen,119
/ssd/leftImg8bit_sequence/train/bremen,120
/ssd/leftImg8bit_sequence/train/bremen,121
/ssd/leftImg8bit_sequence/train/bremen,122
/ssd/leftImg8bit_sequence/train/bremen,123
/ssd/leftImg8bit_sequence/train/bremen,124
/ssd/leftImg8bit_sequence/train/bremen,125
/ssd/leftImg8bit_sequence/train/bremen,126
/ssd/leftImg8bit_sequence/train/bremen,127
/ssd/leftImg8bit_sequence/train/bremen,128
/ssd/leftImg8bit_sequence/train/bremen,129
/ssd/leftImg8bit_sequence/train/bremen,130
/ssd/leftImg8bit_sequence/train/bremen,131
/ssd/leftImg8bit_sequence/train/bremen,132
/ssd/leftImg8bit_sequence/train/bremen,133
/ssd/leftImg8bit_sequence/train/bremen,134
/ssd/leftImg8bit_sequence/train/bremen,135
/ssd/leftImg8bit_sequence/train/bremen,136
/ssd/leftImg8bit_sequence/train/bremen,137
/ssd/leftImg8bit_sequence/train/bremen,138
/ssd/leftImg8bit_sequence/train/bremen,139
/ssd/leftImg8bit_sequence/train/bremen,140
/ssd/leftImg8bit_sequence/train/bremen,141
/ssd/leftImg8bit_sequence/train/bremen,142
/ssd/leftImg8bit_sequence/train/bremen,143
/ssd/leftImg8bit_sequence/train/bremen,144
/ssd/leftImg8bit_sequence/train/bremen,145
/ssd/leftImg8bit_sequence/train/bremen,146
/ssd/leftImg8bit_sequence/train/bremen,147
/ssd/leftImg8bit_sequence/train/bremen,148
/ssd/leftImg8bit_sequence/train/bremen,149
/ssd/leftImg8bit_sequence/train/bremen,150
/ssd/leftImg8bit_sequence/train/bremen,151
/ssd/leftImg8bit_sequence/train/bremen,152
/ssd/leftImg8bit_sequence/train/bremen,153
/ssd/leftImg8bit_sequence/train/bremen,154
/ssd/leftImg8bit_sequence/train/bremen,155
/ssd/leftImg8bit_sequence/train/bremen,156
/ssd/leftImg8bit_sequence/train/bremen,157
/ssd/leftImg8bit_sequence/train/bremen,158
/ssd/leftImg8bit_sequence/train/bremen,159
/ssd/leftImg8bit_sequence/train/bremen,160
/ssd/leftImg8bit_sequence/train/bremen,161
/ssd/leftImg8bit_sequence/train/bremen,162
/ssd/leftImg8bit_sequence/train/bremen,163
/ssd/leftImg8bit_sequence/train/bremen,164
/ssd/leftImg8bit_sequence/train/bremen,165
/ssd/leftImg8bit_sequence/train/bremen,166
/ssd/leftImg8bit_sequence/train/bremen,167
/ssd/leftImg8bit_sequence/train/bremen,168
/ssd/leftImg8bit_sequence/train/bremen,169
/ssd/leftImg8bit_sequence/train/bremen,170
/ssd/leftImg8bit_sequence/train/bremen,171
/ssd/leftImg8bit_sequence/train/bremen,172
/ssd/leftImg8bit_sequence/train/bremen,173
/ssd/leftImg8bit_sequence/train/bremen,174
/ssd/leftImg8bit_sequence/train/bremen,175
/ssd/leftImg8bit_sequence/train/bremen,176
/ssd/leftImg8bit_sequence/train/bremen,177
/ssd/leftImg8bit_sequence/train/bremen,178
/ssd/leftImg8bit_sequence/train/bremen,179
/ssd/leftImg8bit_sequence/train/bremen,180
/ssd/leftImg8bit_sequence/train/bremen,181
/ssd/leftImg8bit_sequence/train/bremen,182
/ssd/leftImg8bit_sequence/train/bremen,183
/ssd/leftImg8bit_sequence/train/bremen,184
/ssd/leftImg8bit_sequence/train/bremen,185
/ssd/leftImg8bit_sequence/train/bremen,186
/ssd/leftImg8bit_sequence/train/bremen,187
/ssd/leftImg8bit_sequence/train/bremen,188
/ssd/leftImg8bit_sequence/train/bremen,189
/ssd/leftImg8bit_sequence/train/bremen,190
/ssd/leftImg8bit_sequence/train/bremen,191
/ssd/leftImg8bit_sequence/train/bremen,192
/ssd/leftImg8bit_sequence/train/bremen,193
/ssd/leftImg8bit_sequence/train/bremen,194
/ssd/leftImg8bit_sequence/train/bremen,195
/ssd/leftImg8bit_sequence/train/bremen,196
/ssd/leftImg8bit_sequence/train/bremen,197
/ssd/leftImg8bit_sequence/train/bremen,198
/ssd/leftImg8bit_sequence/train/bremen,199
/ssd/leftImg8bit_sequence/train/bremen,200
/ssd/leftImg8bit_sequence/train/bremen,201
/ssd/leftImg8bit_sequence/train/bremen,202
/ssd/leftImg8bit_sequence/train/bremen,203
/ssd/leftImg8bit_sequence/train/bremen,204
/ssd/leftImg8bit_sequence/train/bremen,205
/ssd/leftImg8bit_sequence/train/bremen,206
/ssd/leftImg8bit_sequence/train/bremen,207
/ssd/leftImg8bit_sequence/train/bremen,208
/ssd/leftImg8bit_sequence/train/bremen,209
/ssd/leftImg8bit_sequence/train/bremen,210
/ssd/leftImg8bit_sequence/train/bremen,211
/ssd/leftImg8bit_sequence/train/bremen,212
/ssd/leftImg8bit_sequence/train/bremen,213
/ssd/leftImg8bit_sequence/train/bremen,214
/ssd/leftImg8bit_sequence/train/bremen,215
/ssd/leftImg8bit_sequence/train/bremen,216
/ssd/leftImg8bit_sequence/train/bremen,217
/ssd/leftImg8bit_sequence/train/bremen,218
/ssd/leftImg8bit_sequence/train/bremen,219
/ssd/leftImg8bit_sequence/train/bremen,220
/ssd/leftImg8bit_sequence/train/bremen,221
/ssd/leftImg8bit_sequence/train/bremen,222
/ssd/leftImg8bit_sequence/train/bremen,223
/ssd/leftImg8bit_sequence/train/bremen,224
/ssd/leftImg8bit_sequence/train/bremen,225
/ssd/leftImg8bit_sequence/train/bremen,226
/ssd/leftImg8bit_sequence/train/bremen,227
/ssd/leftImg8bit_sequence/train/bremen,228
/ssd/leftImg8bit_sequence/train/bremen,229
/ssd/leftImg8bit_sequence/train/bremen,230
/ssd/leftImg8bit_sequence/train/bremen,231
/ssd/leftImg8bit_sequence/train/bremen,232
/ssd/leftImg8bit_sequence/train/bremen,233
/ssd/leftImg8bit_sequence/train/bremen,234
/ssd/leftImg8bit_sequence/train/bremen,235
/ssd/leftImg8bit_sequence/train/bremen,236
/ssd/leftImg8bit_sequence/train/bremen,237
/ssd/leftImg8bit_sequence/train/bremen,238
/ssd/leftImg8bit_sequence/train/bremen,239
/ssd/leftImg8bit_sequence/train/bremen,240
/ssd/leftImg8bit_sequence/train/bremen,241
/ssd/leftImg8bit_sequence/train/bremen,242
/ssd/leftImg8bit_sequence/train/bremen,243
/ssd/leftImg8bit_sequence/train/bremen,244
/ssd/leftImg8bit_sequence/train/bremen,245
/ssd/leftImg8bit_sequence/train/bremen,246
/ssd/leftImg8bit_sequence/train/bremen,247
/ssd/leftImg8bit_sequence/train/bremen,248
/ssd/leftImg8bit_sequence/train/bremen,249
/ssd/leftImg8bit_sequence/train/bremen,250
/ssd/leftImg8bit_sequence/train/bremen,251
/ssd/leftImg8bit_sequence/train/bremen,252
/ssd/leftImg8bit_sequence/train/bremen,253
/ssd/leftImg8bit_sequence/train/bremen,254
/ssd/leftImg8bit_sequence/train/bremen,255
/ssd/leftImg8bit_sequence/train/bremen,256
/ssd/leftImg8bit_sequence/train/bremen,257
/ssd/leftImg8bit_sequence/train/bremen,258
/ssd/leftImg8bit_sequence/train/bremen,259
/ssd/leftImg8bit_sequence/train/bremen,260
/ssd/leftImg8bit_sequence/train/bremen,261
/ssd/leftImg8bit_sequence/train/bremen,262
/ssd/leftImg8bit_sequence/train/bremen,263
/ssd/leftImg8bit_sequence/train/bremen,264
/ssd/leftImg8bit_sequence/train/bremen,265
/ssd/leftImg8bit_sequence/train/bremen,266
/ssd/leftImg8bit_sequence/train/bremen,267
/ssd/leftImg8bit_sequence/train/bremen,268
/ssd/leftImg8bit_sequence/train/bremen,269
/ssd/leftImg8bit_sequence/train/bremen,270
/ssd/leftImg8bit_sequence/train/bremen,271
/ssd/leftImg8bit_sequence/train/bremen,272
/ssd/leftImg8bit_sequence/train/bremen,273
/ssd/leftImg8bit_sequence/train/bremen,274
/ssd/leftImg8bit_sequence/train/bremen,275
/ssd/leftImg8bit_sequence/train/bremen,276
/ssd/leftImg8bit_sequence/train/bremen,277
/ssd/leftImg8bit_sequence/train/bremen,278
/ssd/leftImg8bit_sequence/train/bremen,279
/ssd/leftImg8bit_sequence/train/bremen,280
/ssd/leftImg8bit_sequence/train/bremen,281
/ssd/leftImg8bit_sequence/train/bremen,282
/ssd/leftImg8bit_sequence/train/bremen,283
/ssd/leftImg8bit_sequence/train/bremen,284
/ssd/leftImg8bit_sequence/train/bremen,285
/ssd/leftImg8bit_sequence/train/bremen,286
/ssd/leftImg8bit_sequence/train/bremen,287
/ssd/leftImg8bit_sequence/train/bremen,288
/ssd/leftImg8bit_sequence/train/bremen,289
/ssd/leftImg8bit_sequence/train/bremen,290
/ssd/leftImg8bit_sequence/train/bremen,291
/ssd/leftImg8bit_sequence/train/bremen,292
/ssd/leftImg8bit_sequence/train/bremen,293
/ssd/leftImg8bit_sequence/train/bremen,294
/ssd/leftImg8bit_sequence/train/bremen,295
/ssd/leftImg8bit_sequence/train/bremen,296
/ssd/leftImg8bit_sequence/train/bremen,297
/ssd/leftImg8bit_sequence/train/bremen,298
/ssd/leftImg8bit_sequence/train/bremen,299
/ssd/leftImg8bit_sequence/train/bremen,300
/ssd/leftImg8bit_sequence/train/bremen,301
/ssd/leftImg8bit_sequence/train/bremen,302
/ssd/leftImg8bit_sequence/train/bremen,303
/ssd/leftImg8bit_sequence/train/bremen,304
/ssd/leftImg8bit_sequence/train/bremen,305
/ssd/leftImg8bit_sequence/train/bremen,306
/ssd/leftImg8bit_sequence/train/bremen,307
/ssd/leftImg8bit_sequence/train/bremen,308
/ssd/leftImg8bit_sequence/train/bremen,309
/ssd/leftImg8bit_sequence/train/bremen,310
/ssd/leftImg8bit_sequence/train/bremen,311
/ssd/leftImg8bit_sequence/train/bremen,312
/ssd/leftImg8bit_sequence/train/bremen,313
/ssd/leftImg8bit_sequence/train/bremen,314
/ssd/leftImg8bit_sequence/train/bremen,315
/ssd/leftImg8bit_sequence/train/cologne,0
/ssd/leftImg8bit_sequence/train/cologne,1
/ssd/leftImg8bit_sequence/train/cologne,2
/ssd/leftImg8bit_sequence/train/cologne,3
/ssd/leftImg8bit_sequence/train/cologne,4
/ssd/leftImg8bit_sequence/train/cologne,5
/ssd/leftImg8bit_sequence/train/cologne,6
/ssd/leftImg8bit_sequence/train/cologne,7
/ssd/leftImg8bit_sequence/train/cologne,8
/ssd/leftImg8bit_sequence/train/cologne,9
/ssd/leftImg8bit_sequence/train/cologne,10
/ssd/leftImg8bit_sequence/train/cologne,11
/ssd/leftImg8bit_sequence/train/cologne,12
/ssd/leftImg8bit_sequence/train/cologne,13
/ssd/leftImg8bit_sequence/train/cologne,14
/ssd/leftImg8bit_sequence/train/cologne,15
/ssd/leftImg8bit_sequence/train/cologne,16
/ssd/leftImg8bit_sequence/train/cologne,17
/ssd/leftImg8bit_sequence/train/cologne,18
/ssd/leftImg8bit_sequence/train/cologne,19
/ssd/leftImg8bit_sequence/train/cologne,20
/ssd/leftImg8bit_sequence/train/cologne,21
/ssd/leftImg8bit_sequence/train/cologne,22
/ssd/leftImg8bit_sequence/train/cologne,23
/ssd/leftImg8bit_sequence/train/cologne,24
/ssd/leftImg8bit_sequence/train/cologne,25
/ssd/leftImg8bit_sequence/train/cologne,26
/ssd/leftImg8bit_sequence/train/cologne,27
/ssd/leftImg8bit_sequence/train/cologne,28
/ssd/leftImg8bit_sequence/train/cologne,29
/ssd/leftImg8bit_sequence/train/cologne,30
/ssd/leftImg8bit_sequence/train/cologne,31
/ssd/leftImg8bit_sequence/train/cologne,32
/ssd/leftImg8bit_sequence/train/cologne,33
/ssd/leftImg8bit_sequence/train/cologne,34
/ssd/leftImg8bit_sequence/train/cologne,35
/ssd/leftImg8bit_sequence/train/cologne,36
/ssd/leftImg8bit_sequence/train/cologne,37
/ssd/leftImg8bit_sequence/train/cologne,38
/ssd/leftImg8bit_sequence/train/cologne,39
/ssd/leftImg8bit_sequence/train/cologne,40
/ssd/leftImg8bit_sequence/train/cologne,41
/ssd/leftImg8bit_sequence/train/cologne,42
/ssd/leftImg8bit_sequence/train/cologne,43
/ssd/leftImg8bit_sequence/train/cologne,44
/ssd/leftImg8bit_sequence/train/cologne,45
/ssd/leftImg8bit_sequence/train/cologne,46
/ssd/leftImg8bit_sequence/train/cologne,47
/ssd/leftImg8bit_sequence/train/cologne,48
/ssd/leftImg8bit_sequence/train/cologne,49
/ssd/leftImg8bit_sequence/train/cologne,50
/ssd/leftImg8bit_sequence/train/cologne,51
/ssd/leftImg8bit_sequence/train/cologne,52
/ssd/leftImg8bit_sequence/train/cologne,53
/ssd/leftImg8bit_sequence/train/cologne,54
/ssd/leftImg8bit_sequence/train/cologne,55
/ssd/leftImg8bit_sequence/train/cologne,56
/ssd/leftImg8bit_sequence/train/cologne,57
/ssd/leftImg8bit_sequence/train/cologne,58
/ssd/leftImg8bit_sequence/train/cologne,59
/ssd/leftImg8bit_sequence/train/cologne,60
/ssd/leftImg8bit_sequence/train/cologne,61
/ssd/leftImg8bit_sequence/train/cologne,62
/ssd/leftImg8bit_sequence/train/cologne,63
/ssd/leftImg8bit_sequence/train/cologne,64
/ssd/leftImg8bit_sequence/train/cologne,65
/ssd/leftImg8bit_sequence/train/cologne,66
/ssd/leftImg8bit_sequence/train/cologne,67
/ssd/leftImg8bit_sequence/train/cologne,68
/ssd/leftImg8bit_sequence/train/cologne,69
/ssd/leftImg8bit_sequence/train/cologne,70
/ssd/leftImg8bit_sequence/train/cologne,71
/ssd/leftImg8bit_sequence/train/cologne,72
/ssd/leftImg8bit_sequence/train/cologne,73
/ssd/leftImg8bit_sequence/train/cologne,74
/ssd/leftImg8bit_sequence/train/cologne,75
/ssd/leftImg8bit_sequence/train/cologne,76
/ssd/leftImg8bit_sequence/train/cologne,77
/ssd/leftImg8bit_sequence/train/cologne,78
/ssd/leftImg8bit_sequence/train/cologne,79
/ssd/leftImg8bit_sequence/train/cologne,80
/ssd/leftImg8bit_sequence/train/cologne,81
/ssd/leftImg8bit_sequence/train/cologne,82
/ssd/leftImg8bit_sequence/train/cologne,83
/ssd/leftImg8bit_sequence/train/cologne,84
/ssd/leftImg8bit_sequence/train/cologne,85
/ssd/leftImg8bit_sequence/train/cologne,86
/ssd/leftImg8bit_sequence/train/cologne,87
/ssd/leftImg8bit_sequence/train/cologne,88
/ssd/leftImg8bit_sequence/train/cologne,89
/ssd/leftImg8bit_sequence/train/cologne,90
/ssd/leftImg8bit_sequence/train/cologne,91
/ssd/leftImg8bit_sequence/train/cologne,92
/ssd/leftImg8bit_sequence/train/cologne,93
/ssd/leftImg8bit_sequence/train/cologne,94
/ssd/leftImg8bit_sequence/train/cologne,95
/ssd/leftImg8bit_sequence/train/cologne,96
/ssd/leftImg8bit_sequence/train/cologne,97
/ssd/leftImg8bit_sequence/train/cologne,98
/ssd/leftImg8bit_sequence/train/cologne,99
/ssd/leftImg8bit_sequence/train/cologne,100
/ssd/leftImg8bit_sequence/train/cologne,101
/ssd/leftImg8bit_sequence/train/cologne,102
/ssd/leftImg8bit_sequence/train/cologne,103
/ssd/leftImg8bit_sequence/train/cologne,104
/ssd/leftImg8bit_sequence/train/cologne,105
/ssd/leftImg8bit_sequence/train/cologne,106
/ssd/leftImg8bit_sequence/train/cologne,107
/ssd/leftImg8bit_sequence/train/cologne,108
/ssd/leftImg8bit_sequence/train/cologne,109
/ssd/leftImg8bit_sequence/train/cologne,110
/ssd/leftImg8bit_sequence/train/cologne,111
/ssd/leftImg8bit_sequence/train/cologne,112
/ssd/leftImg8bit_sequence/train/cologne,113
/ssd/leftImg8bit_sequence/train/cologne,114
/ssd/leftImg8bit_sequence/train/cologne,115
/ssd/leftImg8bit_sequence/train/cologne,116
/ssd/leftImg8bit_sequence/train/cologne,117
/ssd/leftImg8bit_sequence/train/cologne,118
/ssd/leftImg8bit_sequence/train/cologne,119
/ssd/leftImg8bit_sequence/train/cologne,120
/ssd/leftImg8bit_sequence/train/cologne,121
/ssd/leftImg8bit_sequence/train/cologne,122
/ssd/leftImg8bit_sequence/train/cologne,123
/ssd/leftImg8bit_sequence/train/cologne,124
/ssd/leftImg8bit_sequence/train/cologne,125
/ssd/leftImg8bit_sequence/train/cologne,126
/ssd/leftImg8bit_sequence/train/cologne,127
/ssd/leftImg8bit_sequence/train/cologne,128
/ssd/leftImg8bit_sequence/train/cologne,129
/ssd/leftImg8bit_sequence/train/cologne,130
/ssd/leftImg8bit_sequence/train/cologne,131
/ssd/leftImg8bit_sequence/train/cologne,132
/ssd/leftImg8bit_sequence/train/cologne,133
/ssd/leftImg8bit_sequence/train/cologne,134
/ssd/leftImg8bit_sequence/train/cologne,135
/ssd/leftImg8bit_sequence/train/cologne,136
/ssd/leftImg8bit_sequence/train/cologne,137
/ssd/leftImg8bit_sequence/train/cologne,138
/ssd/leftImg8bit_sequence/train/cologne,139
/ssd/leftImg8bit_sequence/train/cologne,140
/ssd/leftImg8bit_sequence/train/cologne,141
/ssd/leftImg8bit_sequence/train/cologne,142
/ssd/leftImg8bit_sequence/train/cologne,143
/ssd/leftImg8bit_sequence/train/cologne,144
/ssd/leftImg8bit_sequence/train/cologne,145
/ssd/leftImg8bit_sequence/train/cologne,146
/ssd/leftImg8bit_sequence/train/cologne,147
/ssd/leftImg8bit_sequence/train/cologne,148
/ssd/leftImg8bit_sequence/train/cologne,149
/ssd/leftImg8bit_sequence/train/cologne,150
/ssd/leftImg8bit_sequence/train/cologne,151
/ssd/leftImg8bit_sequence/train/cologne,152
/ssd/leftImg8bit_sequence/train/cologne,153
/ssd/leftImg8bit_sequence/train/darmstadt,0
/ssd/leftImg8bit_sequence/train/darmstadt,1
/ssd/leftImg8bit_sequence/train/darmstadt,2
/ssd/leftImg8bit_sequence/train/darmstadt,3
/ssd/leftImg8bit_sequence/train/darmstadt,4
/ssd/leftImg8bit_sequence/train/darmstadt,5
/ssd/leftImg8bit_sequence/train/darmstadt,6
/ssd/leftImg8bit_sequence/train/darmstadt,7
/ssd/leftImg8bit_sequence/train/darmstadt,8
/ssd/leftImg8bit_sequence/train/darmstadt,9
/ssd/leftImg8bit_sequence/train/darmstadt,10
/ssd/leftImg8bit_sequence/train/darmstadt,11
/ssd/leftImg8bit_sequence/train/darmstadt,12
/ssd/leftImg8bit_sequence/train/darmstadt,13
/ssd/leftImg8bit_sequence/train/darmstadt,14
/ssd/leftImg8bit_sequence/train/darmstadt,15
/ssd/leftImg8bit_sequence/train/darmstadt,16
/ssd/leftImg8bit_sequence/train/darmstadt,17
/ssd/leftImg8bit_sequence/train/darmstadt,18
/ssd/leftImg8bit_sequence/train/darmstadt,19
/ssd/leftImg8bit_sequence/train/darmstadt,20
/ssd/leftImg8bit_sequence/train/darmstadt,21
/ssd/leftImg8bit_sequence/train/darmstadt,22
/ssd/leftImg8bit_sequence/train/darmstadt,23
/ssd/leftImg8bit_sequence/train/darmstadt,24
/ssd/leftImg8bit_sequence/train/darmstadt,25
/ssd/leftImg8bit_sequence/train/darmstadt,26
/ssd/leftImg8bit_sequence/train/darmstadt,27
/ssd/leftImg8bit_sequence/train/darmstadt,28
/ssd/leftImg8bit_sequence/train/darmstadt,29
/ssd/leftImg8bit_sequence/train/darmstadt,30
/ssd/leftImg8bit_sequence/train/darmstadt,31
/ssd/leftImg8bit_sequence/train/darmstadt,32
/ssd/leftImg8bit_sequence/train/darmstadt,33
/ssd/leftImg8bit_sequence/train/darmstadt,34
/ssd/leftImg8bit_sequence/train/darmstadt,35
/ssd/leftImg8bit_sequence/train/darmstadt,36
/ssd/leftImg8bit_sequence/train/darmstadt,37
/ssd/leftImg8bit_sequence/train/darmstadt,38
/ssd/leftImg8bit_sequence/train/darmstadt,39
/ssd/leftImg8bit_sequence/train/darmstadt,40
/ssd/leftImg8bit_sequence/train/darmstadt,41
/ssd/leftImg8bit_sequence/train/darmstadt,42
/ssd/leftImg8bit_sequence/train/darmstadt,43
/ssd/leftImg8bit_sequence/train/darmstadt,44
/ssd/leftImg8bit_sequence/train/darmstadt,45
/ssd/leftImg8bit_sequence/train/darmstadt,46
/ssd/leftImg8bit_sequence/train/darmstadt,47
/ssd/leftImg8bit_sequence/train/darmstadt,48
/ssd/leftImg8bit_sequence/train/darmstadt,49
/ssd/leftImg8bit_sequence/train/darmstadt,50
/ssd/leftImg8bit_sequence/train/darmstadt,51
/ssd/leftImg8bit_sequence/train/darmstadt,52
/ssd/leftImg8bit_sequence/train/darmstadt,53
/ssd/leftImg8bit_sequence/train/darmstadt,54
/ssd/leftImg8bit_sequence/train/darmstadt,55
/ssd/leftImg8bit_sequence/train/darmstadt,56
/ssd/leftImg8bit_sequence/train/darmstadt,57
/ssd/leftImg8bit_sequence/train/darmstadt,58
/ssd/leftImg8bit_sequence/train/darmstadt,59
/ssd/leftImg8bit_sequence/train/darmstadt,60
/ssd/leftImg8bit_sequence/train/darmstadt,61
/ssd/leftImg8bit_sequence/train/darmstadt,62
/ssd/leftImg8bit_sequence/train/darmstadt,63
/ssd/leftImg8bit_sequence/train/darmstadt,64
/ssd/leftImg8bit_sequence/train/darmstadt,65
/ssd/leftImg8bit_sequence/train/darmstadt,66
/ssd/leftImg8bit_sequence/train/darmstadt,67
/ssd/leftImg8bit_sequence/train/darmstadt,68
/ssd/leftImg8bit_sequence/train/darmstadt,69
/ssd/leftImg8bit_sequence/train/darmstadt,70
/ssd/leftImg8bit_sequence/train/darmstadt,71
/ssd/leftImg8bit_sequence/train/darmstadt,72
/ssd/leftImg8bit_sequence/train/darmstadt,73
/ssd/leftImg8bit_sequence/train/darmstadt,74
/ssd/leftImg8bit_sequence/train/darmstadt,75
/ssd/leftImg8bit_sequence/train/darmstadt,76
/ssd/leftImg8bit_sequence/train/darmstadt,77
/ssd/leftImg8bit_sequence/train/darmstadt,78
/ssd/leftImg8bit_sequence/train/darmstadt,79
/ssd/leftImg8bit_sequence/train/darmstadt,80
/ssd/leftImg8bit_sequence/train/darmstadt,81
/ssd/leftImg8bit_sequence/train/darmstadt,82
/ssd/leftImg8bit_sequence/train/darmstadt,83
/ssd/leftImg8bit_sequence/train/darmstadt,84
/ssd/leftImg8bit_sequence/train/dusseldorf,0
/ssd/leftImg8bit_sequence/train/dusseldorf,1
/ssd/leftImg8bit_sequence/train/dusseldorf,2
/ssd/leftImg8bit_sequence/train/dusseldorf,3
/ssd/leftImg8bit_sequence/train/dusseldorf,4
/ssd/leftImg8bit_sequence/train/dusseldorf,5
/ssd/leftImg8bit_sequence/train/dusseldorf,6
/ssd/leftImg8bit_sequence/train/dusseldorf,7
/ssd/leftImg8bit_sequence/train/dusseldorf,8
/ssd/leftImg8bit_sequence/train/dusseldorf,9
/ssd/leftImg8bit_sequence/train/dusseldorf,10
/ssd/leftImg8bit_sequence/train/dusseldorf,11
/ssd/leftImg8bit_sequence/train/dusseldorf,12
/ssd/leftImg8bit_sequence/train/dusseldorf,13
/ssd/leftImg8bit_sequence/train/dusseldorf,14
/ssd/leftImg8bit_sequence/train/dusseldorf,15
/ssd/leftImg8bit_sequence/train/dusseldorf,16
/ssd/leftImg8bit_sequence/train/dusseldorf,17
/ssd/leftImg8bit_sequence/train/dusseldorf,18
/ssd/leftImg8bit_sequence/train/dusseldorf,19
/ssd/leftImg8bit_sequence/train/dusseldorf,20
/ssd/leftImg8bit_sequence/train/dusseldorf,21
/ssd/leftImg8bit_sequence/train/dusseldorf,22
/ssd/leftImg8bit_sequence/train/dusseldorf,23
/ssd/leftImg8bit_sequence/train/dusseldorf,24
/ssd/leftImg8bit_sequence/train/dusseldorf,25
/ssd/leftImg8bit_sequence/train/dusseldorf,26
/ssd/leftImg8bit_sequence/train/dusseldorf,27
/ssd/leftImg8bit_sequence/train/dusseldorf,28
/ssd/leftImg8bit_sequence/train/dusseldorf,29
/ssd/leftImg8bit_sequence/train/dusseldorf,30
/ssd/leftImg8bit_sequence/train/dusseldorf,31
/ssd/leftImg8bit_sequence/train/dusseldorf,32
/ssd/leftImg8bit_sequence/train/dusseldorf,33
/ssd/leftImg8bit_sequence/train/dusseldorf,34
/ssd/leftImg8bit_sequence/train/dusseldorf,35
/ssd/leftImg8bit_sequence/train/dusseldorf,36
/ssd/leftImg8bit_sequence/train/dusseldorf,37
/ssd/leftImg8bit_sequence/train/dusseldorf,38
/ssd/leftImg8bit_sequence/train/dusseldorf,39
/ssd/leftImg8bit_sequence/train/dusseldorf,40
/ssd/leftImg8bit_sequence/train/dusseldorf,41
/ssd/leftImg8bit_sequence/train/dusseldorf,42
/ssd/leftImg8bit_sequence/train/dusseldorf,43
/ssd/leftImg8bit_sequence/train/dusseldorf,44
/ssd/leftImg8bit_sequence/train/dusseldorf,45
/ssd/leftImg8bit_sequence/train/dusseldorf,46
/ssd/leftImg8bit_sequence/train/dusseldorf,47
/ssd/leftImg8bit_sequence/train/dusseldorf,48
/ssd/leftImg8bit_sequence/train/dusseldorf,49
/ssd/leftImg8bit_sequence/train/dusseldorf,50
/ssd/leftImg8bit_sequence/train/dusseldorf,51
/ssd/leftImg8bit_sequence/train/dusseldorf,52
/ssd/leftImg8bit_sequence/train/dusseldorf,53
/ssd/leftImg8bit_sequence/train/dusseldorf,54
/ssd/leftImg8bit_sequence/train/dusseldorf,55
/ssd/leftImg8bit_sequence/train/dusseldorf,56
/ssd/leftImg8bit_sequence/train/dusseldorf,57
/ssd/leftImg8bit_sequence/train/dusseldorf,58
/ssd/leftImg8bit_sequence/train/dusseldorf,59
/ssd/leftImg8bit_sequence/train/dusseldorf,60
/ssd/leftImg8bit_sequence/train/dusseldorf,61
/ssd/leftImg8bit_sequence/train/dusseldorf,62
/ssd/leftImg8bit_sequence/train/dusseldorf,63
/ssd/leftImg8bit_sequence/train/dusseldorf,64
/ssd/leftImg8bit_sequence/train/dusseldorf,65
/ssd/leftImg8bit_sequence/train/dusseldorf,66
/ssd/leftImg8bit_sequence/train/dusseldorf,67
/ssd/leftImg8bit_sequence/train/dusseldorf,68
/ssd/leftImg8bit_sequence/train/dusseldorf,69
/ssd/leftImg8bit_sequence/train/dusseldorf,70
/ssd/leftImg8bit_sequence/train/dusseldorf,71
/ssd/leftImg8bit_sequence/train/dusseldorf,72
/ssd/leftImg8bit_sequence/train/dusseldorf,73
/ssd/leftImg8bit_sequence/train/dusseldorf,74
/ssd/leftImg8bit_sequence/train/dusseldorf,75
/ssd/leftImg8bit_sequence/train/dusseldorf,76
/ssd/leftImg8bit_sequence/train/dusseldorf,77
/ssd/leftImg8bit_sequence/train/dusseldorf,78
/ssd/leftImg8bit_sequence/train/dusseldorf,79
/ssd/leftImg8bit_sequence/train/dusseldorf,80
/ssd/leftImg8bit_sequence/train/dusseldorf,81
/ssd/leftImg8bit_sequence/train/dusseldorf,82
/ssd/leftImg8bit_sequence/train/dusseldorf,83
/ssd/leftImg8bit_sequence/train/dusseldorf,84
/ssd/leftImg8bit_sequence/train/dusseldorf,85
/ssd/leftImg8bit_sequence/train/dusseldorf,86
/ssd/leftImg8bit_sequence/train/dusseldorf,87
/ssd/leftImg8bit_sequence/train/dusseldorf,88
/ssd/leftImg8bit_sequence/train/dusseldorf,89
/ssd/leftImg8bit_sequence/train/dusseldorf,90
/ssd/leftImg8bit_sequence/train/dusseldorf,91
/ssd/leftImg8bit_sequence/train/dusseldorf,92
/ssd/leftImg8bit_sequence/train/dusseldorf,93
/ssd/leftImg8bit_sequence/train/dusseldorf,94
/ssd/leftImg8bit_sequence/train/dusseldorf,95
/ssd/leftImg8bit_sequence/train/dusseldorf,96
/ssd/leftImg8bit_sequence/train/dusseldorf,97
/ssd/leftImg8bit_sequence/train/dusseldorf,98
/ssd/leftImg8bit_sequence/train/dusseldorf,99
/ssd/leftImg8bit_sequence/train/dusseldorf,100
/ssd/leftImg8bit_sequence/train/dusseldorf,101
/ssd/leftImg8bit_sequence/train/dusseldorf,102
/ssd/leftImg8bit_sequence/train/dusseldorf,103
/ssd/leftImg8bit_sequence/train/dusseldorf,104
/ssd/leftImg8bit_sequence/train/dusseldorf,105
/ssd/leftImg8bit_sequence/train/dusseldorf,106
/ssd/leftImg8bit_sequence/train/dusseldorf,107
/ssd/leftImg8bit_sequence/train/dusseldorf,108
/ssd/leftImg8bit_sequence/train/dusseldorf,109
/ssd/leftImg8bit_sequence/train/dusseldorf,110
/ssd/leftImg8bit_sequence/train/dusseldorf,111
/ssd/leftImg8bit_sequence/train/dusseldorf,112
/ssd/leftImg8bit_sequence/train/dusseldorf,113
/ssd/leftImg8bit_sequence/train/dusseldorf,114
/ssd/leftImg8bit_sequence/train/dusseldorf,115
/ssd/leftImg8bit_sequence/train/dusseldorf,116
/ssd/leftImg8bit_sequence/train/dusseldorf,117
/ssd/leftImg8bit_sequence/train/dusseldorf,118
/ssd/leftImg8bit_sequence/train/dusseldorf,119
/ssd/leftImg8bit_sequence/train/dusseldorf,120
/ssd/leftImg8bit_sequence/train/dusseldorf,121
/ssd/leftImg8bit_sequence/train/dusseldorf,122
/ssd/leftImg8bit_sequence/train/dusseldorf,123
/ssd/leftImg8bit_sequence/train/dusseldorf,124
/ssd/leftImg8bit_sequence/train/dusseldorf,125
/ssd/leftImg8bit_sequence/train/dusseldorf,126
/ssd/leftImg8bit_sequence/train/dusseldorf,127
/ssd/leftImg8bit_sequence/train/dusseldorf,128
/ssd/leftImg8bit_sequence/train/dusseldorf,129
/ssd/leftImg8bit_sequence/train/dusseldorf,130
/ssd/leftImg8bit_sequence/train/dusseldorf,131
/ssd/leftImg8bit_sequence/train/dusseldorf,132
/ssd/leftImg8bit_sequence/train/dusseldorf,133
/ssd/leftImg8bit_sequence/train/dusseldorf,134
/ssd/leftImg8bit_sequence/train/dusseldorf,135
/ssd/leftImg8bit_sequence/train/dusseldorf,136
/ssd/leftImg8bit_sequence/train/dusseldorf,137
/ssd/leftImg8bit_sequence/train/dusseldorf,138
/ssd/leftImg8bit_sequence/train/dusseldorf,139
/ssd/leftImg8bit_sequence/train/dusseldorf,140
/ssd/leftImg8bit_sequence/train/dusseldorf,141
/ssd/leftImg8bit_sequence/train/dusseldorf,142
/ssd/leftImg8bit_sequence/train/dusseldorf,143
/ssd/leftImg8bit_sequence/train/dusseldorf,144
/ssd/leftImg8bit_sequence/train/dusseldorf,145
/ssd/leftImg8bit_sequence/train/dusseldorf,146
/ssd/leftImg8bit_sequence/train/dusseldorf,147
/ssd/leftImg8bit_sequence/train/dusseldorf,148
/ssd/leftImg8bit_sequence/train/dusseldorf,149
/ssd/leftImg8bit_sequence/train/dusseldorf,150
/ssd/leftImg8bit_sequence/train/dusseldorf,151
/ssd/leftImg8bit_sequence/train/dusseldorf,152
/ssd/leftImg8bit_sequence/train/dusseldorf,153
/ssd/leftImg8bit_sequence/train/dusseldorf,154
/ssd/leftImg8bit_sequence/train/dusseldorf,155
/ssd/leftImg8bit_sequence/train/dusseldorf,156
/ssd/leftImg8bit_sequence/train/dusseldorf,157
/ssd/leftImg8bit_sequence/train/dusseldorf,158
/ssd/leftImg8bit_sequence/train/dusseldorf,159
/ssd/leftImg8bit_sequence/train/dusseldorf,160
/ssd/leftImg8bit_sequence/train/dusseldorf,161
/ssd/leftImg8bit_sequence/train/dusseldorf,162
/ssd/leftImg8bit_sequence/train/dusseldorf,163
/ssd/leftImg8bit_sequence/train/dusseldorf,164
/ssd/leftImg8bit_sequence/train/dusseldorf,165
/ssd/leftImg8bit_sequence/train/dusseldorf,166
/ssd/leftImg8bit_sequence/train/dusseldorf,167
/ssd/leftImg8bit_sequence/train/dusseldorf,168
/ssd/leftImg8bit_sequence/train/dusseldorf,169
/ssd/leftImg8bit_sequence/train/dusseldorf,170
/ssd/leftImg8bit_sequence/train/dusseldorf,171
/ssd/leftImg8bit_sequence/train/dusseldorf,172
/ssd/leftImg8bit_sequence/train/dusseldorf,173
/ssd/leftImg8bit_sequence/train/dusseldorf,174
/ssd/leftImg8bit_sequence/train/dusseldorf,175
/ssd/leftImg8bit_sequence/train/dusseldorf,176
/ssd/leftImg8bit_sequence/train/dusseldorf,177
/ssd/leftImg8bit_sequence/train/dusseldorf,178
/ssd/leftImg8bit_sequence/train/dusseldorf,179
/ssd/leftImg8bit_sequence/train/dusseldorf,180
/ssd/leftImg8bit_sequence/train/dusseldorf,181
/ssd/leftImg8bit_sequence/train/dusseldorf,182
/ssd/leftImg8bit_sequence/train/dusseldorf,183
/ssd/leftImg8bit_sequence/train/dusseldorf,184
/ssd/leftImg8bit_sequence/train/dusseldorf,185
/ssd/leftImg8bit_sequence/train/dusseldorf,186
/ssd/leftImg8bit_sequence/train/dusseldorf,187
/ssd/leftImg8bit_sequence/train/dusseldorf,188
/ssd/leftImg8bit_sequence/train/dusseldorf,189
/ssd/leftImg8bit_sequence/train/dusseldorf,190
/ssd/leftImg8bit_sequence/train/dusseldorf,191
/ssd/leftImg8bit_sequence/train/dusseldorf,192
/ssd/leftImg8bit_sequence/train/dusseldorf,193
/ssd/leftImg8bit_sequence/train/dusseldorf,194
/ssd/leftImg8bit_sequence/train/dusseldorf,195
/ssd/leftImg8bit_sequence/train/dusseldorf,196
/ssd/leftImg8bit_sequence/train/dusseldorf,197
/ssd/leftImg8bit_sequence/train/dusseldorf,198
/ssd/leftImg8bit_sequence/train/dusseldorf,199
/ssd/leftImg8bit_sequence/train/dusseldorf,200
/ssd/leftImg8bit_sequence/train/dusseldorf,201
/ssd/leftImg8bit_sequence/train/dusseldorf,202
/ssd/leftImg8bit_sequence/train/dusseldorf,203
/ssd/leftImg8bit_sequence/train/dusseldorf,204
/ssd/leftImg8bit_sequence/train/dusseldorf,205
/ssd/leftImg8bit_sequence/train/dusseldorf,206
/ssd/leftImg8bit_sequence/train/dusseldorf,207
/ssd/leftImg8bit_sequence/train/dusseldorf,208
/ssd/leftImg8bit_sequence/train/dusseldorf,209
/ssd/leftImg8bit_sequence/train/dusseldorf,210
/ssd/leftImg8bit_sequence/train/dusseldorf,211
/ssd/leftImg8bit_sequence/train/dusseldorf,212
/ssd/leftImg8bit_sequence/train/dusseldorf,213
/ssd/leftImg8bit_sequence/train/dusseldorf,214
/ssd/leftImg8bit_sequence/train/dusseldorf,215
/ssd/leftImg8bit_sequence/train/dusseldorf,216
/ssd/leftImg8bit_sequence/train/dusseldorf,217
/ssd/leftImg8bit_sequence/train/dusseldorf,218
/ssd/leftImg8bit_sequence/train/dusseldorf,219
/ssd/leftImg8bit_sequence/train/dusseldorf,220
/ssd/leftImg8bit_sequence/train/erfurt,0
/ssd/leftImg8bit_sequence/train/erfurt,1
/ssd/leftImg8bit_sequence/train/erfurt,2
/ssd/leftImg8bit_sequence/train/erfurt,3
/ssd/leftImg8bit_sequence/train/erfurt,4
/ssd/leftImg8bit_sequence/train/erfurt,5
/ssd/leftImg8bit_sequence/train/erfurt,6
/ssd/leftImg8bit_sequence/train/erfurt,7
/ssd/leftImg8bit_sequence/train/erfurt,8
/ssd/leftImg8bit_sequence/train/erfurt,9
/ssd/leftImg8bit_sequence/train/erfurt,10
/ssd/leftImg8bit_sequence/train/erfurt,11
/ssd/leftImg8bit_sequence/train/erfurt,12
/ssd/leftImg8bit_sequence/train/erfurt,13
/ssd/leftImg8bit_sequence/train/erfurt,14
/ssd/leftImg8bit_sequence/train/erfurt,15
/ssd/leftImg8bit_sequence/train/erfurt,16
/ssd/leftImg8bit_sequence/train/erfurt,17
/ssd/leftImg8bit_sequence/train/erfurt,18
/ssd/leftImg8bit_sequence/train/erfurt,19
/ssd/leftImg8bit_sequence/train/erfurt,20
/ssd/leftImg8bit_sequence/train/erfurt,21
/ssd/leftImg8bit_sequence/train/erfurt,22
/ssd/leftImg8bit_sequence/train/erfurt,23
/ssd/leftImg8bit_sequence/train/erfurt,24
/ssd/leftImg8bit_sequence/train/erfurt,25
/ssd/leftImg8bit_sequence/train/erfurt,26
/ssd/leftImg8bit_sequence/train/erfurt,27
/ssd/leftImg8bit_sequence/train/erfurt,28
/ssd/leftImg8bit_sequence/train/erfurt,29
/ssd/leftImg8bit_sequence/train/erfurt,30
/ssd/leftImg8bit_sequence/train/erfurt,31
/ssd/leftImg8bit_sequence/train/erfurt,32
/ssd/leftImg8bit_sequence/train/erfurt,33
/ssd/leftImg8bit_sequence/train/erfurt,34
/ssd/leftImg8bit_sequence/train/erfurt,35
/ssd/leftImg8bit_sequence/train/erfurt,36
/ssd/leftImg8bit_sequence/train/erfurt,37
/ssd/leftImg8bit_sequence/train/erfurt,38
/ssd/leftImg8bit_sequence/train/erfurt,39
/ssd/leftImg8bit_sequence/train/erfurt,40
/ssd/leftImg8bit_sequence/train/erfurt,41
/ssd/leftImg8bit_sequence/train/erfurt,42
/ssd/leftImg8bit_sequence/train/erfurt,43
/ssd/leftImg8bit_sequence/train/erfurt,44
/ssd/leftImg8bit_sequence/train/erfurt,45
/ssd/leftImg8bit_sequence/train/erfurt,46
/ssd/leftImg8bit_sequence/train/erfurt,47
/ssd/leftImg8bit_sequence/train/erfurt,48
/ssd/leftImg8bit_sequence/train/erfurt,49
/ssd/leftImg8bit_sequence/train/erfurt,50
/ssd/leftImg8bit_sequence/train/erfurt,51
/ssd/leftImg8bit_sequence/train/erfurt,52
/ssd/leftImg8bit_sequence/train/erfurt,53
/ssd/leftImg8bit_sequence/train/erfurt,54
/ssd/leftImg8bit_sequence/train/erfurt,55
/ssd/leftImg8bit_sequence/train/erfurt,56
/ssd/leftImg8bit_sequence/train/erfurt,57
/ssd/leftImg8bit_sequence/train/erfurt,58
/ssd/leftImg8bit_sequence/train/erfurt,59
/ssd/leftImg8bit_sequence/train/erfurt,60
/ssd/leftImg8bit_sequence/train/erfurt,61
/ssd/leftImg8bit_sequence/train/erfurt,62
/ssd/leftImg8bit_sequence/train/erfurt,63
/ssd/leftImg8bit_sequence/train/erfurt,64
/ssd/leftImg8bit_sequence/train/erfurt,65
/ssd/leftImg8bit_sequence/train/erfurt,66
/ssd/leftImg8bit_sequence/train/erfurt,67
/ssd/leftImg8bit_sequence/train/erfurt,68
/ssd/leftImg8bit_sequence/train/erfurt,69
/ssd/leftImg8bit_sequence/train/erfurt,70
/ssd/leftImg8bit_sequence/train/erfurt,71
/ssd/leftImg8bit_sequence/train/erfurt,72
/ssd/leftImg8bit_sequence/train/erfurt,73
/ssd/leftImg8bit_sequence/train/erfurt,74
/ssd/leftImg8bit_sequence/train/erfurt,75
/ssd/leftImg8bit_sequence/train/erfurt,76
/ssd/leftImg8bit_sequence/train/erfurt,77
/ssd/leftImg8bit_sequence/train/erfurt,78
/ssd/leftImg8bit_sequence/train/erfurt,79
/ssd/leftImg8bit_sequence/train/erfurt,80
/ssd/leftImg8bit_sequence/train/erfurt,81
/ssd/leftImg8bit_sequence/train/erfurt,82
/ssd/leftImg8bit_sequence/train/erfurt,83
/ssd/leftImg8bit_sequence/train/erfurt,84
/ssd/leftImg8bit_sequence/train/erfurt,85
/ssd/leftImg8bit_sequence/train/erfurt,86
/ssd/leftImg8bit_sequence/train/erfurt,87
/ssd/leftImg8bit_sequence/train/erfurt,88
/ssd/leftImg8bit_sequence/train/erfurt,89
/ssd/leftImg8bit_sequence/train/erfurt,90
/ssd/leftImg8bit_sequence/train/erfurt,91
/ssd/leftImg8bit_sequence/train/erfurt,92
/ssd/leftImg8bit_sequence/train/erfurt,93
/ssd/leftImg8bit_sequence/train/erfurt,94
/ssd/leftImg8bit_sequence/train/erfurt,95
/ssd/leftImg8bit_sequence/train/erfurt,96
/ssd/leftImg8bit_sequence/train/erfurt,97
/ssd/leftImg8bit_sequence/train/erfurt,98
/ssd/leftImg8bit_sequence/train/erfurt,99
/ssd/leftImg8bit_sequence/train/erfurt,100
/ssd/leftImg8bit_sequence/train/erfurt,101
/ssd/leftImg8bit_sequence/train/erfurt,102
/ssd/leftImg8bit_sequence/train/erfurt,103
/ssd/leftImg8bit_sequence/train/erfurt,104
/ssd/leftImg8bit_sequence/train/erfurt,105
/ssd/leftImg8bit_sequence/train/erfurt,106
/ssd/leftImg8bit_sequence/train/erfurt,107
/ssd/leftImg8bit_sequence/train/erfurt,108
/ssd/leftImg8bit_sequence/train/hamburg,0
/ssd/leftImg8bit_sequence/train/hanover,0
/ssd/leftImg8bit_sequence/train/jena,0
/ssd/leftImg8bit_sequence/train/jena,1
/ssd/leftImg8bit_sequence/train/jena,2
/ssd/leftImg8bit_sequence/train/jena,3
/ssd/leftImg8bit_sequence/train/jena,4
/ssd/leftImg8bit_sequence/train/jena,5
/ssd/leftImg8bit_sequence/train/jena,6
/ssd/leftImg8bit_sequence/train/jena,7
/ssd/leftImg8bit_sequence/train/jena,8
/ssd/leftImg8bit_sequence/train/jena,9
/ssd/leftImg8bit_sequence/train/jena,10
/ssd/leftImg8bit_sequence/train/jena,11
/ssd/leftImg8bit_sequence/train/jena,12
/ssd/leftImg8bit_sequence/train/jena,13
/ssd/leftImg8bit_sequence/train/jena,14
/ssd/leftImg8bit_sequence/train/jena,15
/ssd/leftImg8bit_sequence/train/jena,16
/ssd/leftImg8bit_sequence/train/jena,17
/ssd/leftImg8bit_sequence/train/jena,18
/ssd/leftImg8bit_sequence/train/jena,19
/ssd/leftImg8bit_sequence/train/jena,20
/ssd/leftImg8bit_sequence/train/jena,21
/ssd/leftImg8bit_sequence/train/jena,22
/ssd/leftImg8bit_sequence/train/jena,23
/ssd/leftImg8bit_sequence/train/jena,24
/ssd/leftImg8bit_sequence/train/jena,25
/ssd/leftImg8bit_sequence/train/jena,26
/ssd/leftImg8bit_sequence/train/jena,27
/ssd/leftImg8bit_sequence/train/jena,28
/ssd/leftImg8bit_sequence/train/jena,29
/ssd/leftImg8bit_sequence/train/jena,30
/ssd/leftImg8bit_sequence/train/jena,31
/ssd/leftImg8bit_sequence/train/jena,32
/ssd/leftImg8bit_sequence/train/jena,33
/ssd/leftImg8bit_sequence/train/jena,34
/ssd/leftImg8bit_sequence/train/jena,35
/ssd/leftImg8bit_sequence/train/jena,36
/ssd/leftImg8bit_sequence/train/jena,37
/ssd/leftImg8bit_sequence/train/jena,38
/ssd/leftImg8bit_sequence/train/jena,39
/ssd/leftImg8bit_sequence/train/jena,40
/ssd/leftImg8bit_sequence/train/jena,41
/ssd/leftImg8bit_sequence/train/jena,42
/ssd/leftImg8bit_sequence/train/jena,43
/ssd/leftImg8bit_sequence/train/jena,44
/ssd/leftImg8bit_sequence/train/jena,45
/ssd/leftImg8bit_sequence/train/jena,46
/ssd/leftImg8bit_sequence/train/jena,47
/ssd/leftImg8bit_sequence/train/jena,48
/ssd/leftImg8bit_sequence/train/jena,49
/ssd/leftImg8bit_sequence/train/jena,50
/ssd/leftImg8bit_sequence/train/jena,51
/ssd/leftImg8bit_sequence/train/jena,52
/ssd/leftImg8bit_sequence/train/jena,53
/ssd/leftImg8bit_sequence/train/jena,54
/ssd/leftImg8bit_sequence/train/jena,55
/ssd/leftImg8bit_sequence/train/jena,56
/ssd/leftImg8bit_sequence/train/jena,57
/ssd/leftImg8bit_sequence/train/jena,58
/ssd/leftImg8bit_sequence/train/jena,59
/ssd/leftImg8bit_sequence/train/jena,60
/ssd/leftImg8bit_sequence/train/jena,61
/ssd/leftImg8bit_sequence/train/jena,62
/ssd/leftImg8bit_sequence/train/jena,63
/ssd/leftImg8bit_sequence/train/jena,64
/ssd/leftImg8bit_sequence/train/jena,65
/ssd/leftImg8bit_sequence/train/jena,66
/ssd/leftImg8bit_sequence/train/jena,67
/ssd/leftImg8bit_sequence/train/jena,68
/ssd/leftImg8bit_sequence/train/jena,69
/ssd/leftImg8bit_sequence/train/jena,70
/ssd/leftImg8bit_sequence/train/jena,71
/ssd/leftImg8bit_sequence/train/jena,72
/ssd/leftImg8bit_sequence/train/jena,73
/ssd/leftImg8bit_sequence/train/jena,74
/ssd/leftImg8bit_sequence/train/jena,75
/ssd/leftImg8bit_sequence/train/jena,76
/ssd/leftImg8bit_sequence/train/jena,77
/ssd/leftImg8bit_sequence/train/jena,78
/ssd/leftImg8bit_sequence/train/jena,79
/ssd/leftImg8bit_sequence/train/jena,80
/ssd/leftImg8bit_sequence/train/jena,81
/ssd/leftImg8bit_sequence/train/jena,82
/ssd/leftImg8bit_sequence/train/jena,83
/ssd/leftImg8bit_sequence/train/jena,84
/ssd/leftImg8bit_sequence/train/jena,85
/ssd/leftImg8bit_sequence/train/jena,86
/ssd/leftImg8bit_sequence/train/jena,87
/ssd/leftImg8bit_sequence/train/jena,88
/ssd/leftImg8bit_sequence/train/jena,89
/ssd/leftImg8bit_sequence/train/jena,90
/ssd/leftImg8bit_sequence/train/jena,91
/ssd/leftImg8bit_sequence/train/jena,92
/ssd/leftImg8bit_sequence/train/jena,93
/ssd/leftImg8bit_sequence/train/jena,94
/ssd/leftImg8bit_sequence/train/jena,95
/ssd/leftImg8bit_sequence/train/jena,96
/ssd/leftImg8bit_sequence/train/jena,97
/ssd/leftImg8bit_sequence/train/jena,98
/ssd/leftImg8bit_sequence/train/jena,99
/ssd/leftImg8bit_sequence/train/jena,100
/ssd/leftImg8bit_sequence/train/jena,101
/ssd/leftImg8bit_sequence/train/jena,102
/ssd/leftImg8bit_sequence/train/jena,103
/ssd/leftImg8bit_sequence/train/jena,104
/ssd/leftImg8bit_sequence/train/jena,105
/ssd/leftImg8bit_sequence/train/jena,106
/ssd/leftImg8bit_sequence/train/jena,107
/ssd/leftImg8bit_sequence/train/jena,108
/ssd/leftImg8bit_sequence/train/jena,109
/ssd/leftImg8bit_sequence/train/jena,110
/ssd/leftImg8bit_sequence/train/jena,111
/ssd/leftImg8bit_sequence/train/jena,112
/ssd/leftImg8bit_sequence/train/jena,113
/ssd/leftImg8bit_sequence/train/jena,114
/ssd/leftImg8bit_sequence/train/jena,115
/ssd/leftImg8bit_sequence/train/jena,116
/ssd/leftImg8bit_sequence/train/jena,117
/ssd/leftImg8bit_sequence/train/jena,118
/ssd/leftImg8bit_sequence/train/krefeld,0
/ssd/leftImg8bit_sequence/train/monchengladbach,0
/ssd/leftImg8bit_sequence/train/monchengladbach,1
/ssd/leftImg8bit_sequence/train/strasbourg,0
/ssd/leftImg8bit_sequence/train/strasbourg,1
/ssd/leftImg8bit_sequence/train/stuttgart,0
/ssd/leftImg8bit_sequence/train/stuttgart,1
/ssd/leftImg8bit_sequence/train/stuttgart,2
/ssd/leftImg8bit_sequence/train/stuttgart,3
/ssd/leftImg8bit_sequence/train/stuttgart,4
/ssd/leftImg8bit_sequence/train/stuttgart,5
/ssd/leftImg8bit_sequence/train/stuttgart,6
/ssd/leftImg8bit_sequence/train/stuttgart,7
/ssd/leftImg8bit_sequence/train/stuttgart,8
/ssd/leftImg8bit_sequence/train/stuttgart,9
/ssd/leftImg8bit_sequence/train/stuttgart,10
/ssd/leftImg8bit_sequence/train/stuttgart,11
/ssd/leftImg8bit_sequence/train/stuttgart,12
/ssd/leftImg8bit_sequence/train/stuttgart,13
/ssd/leftImg8bit_sequence/train/stuttgart,14
/ssd/leftImg8bit_sequence/train/stuttgart,15
/ssd/leftImg8bit_sequence/train/stuttgart,16
/ssd/leftImg8bit_sequence/train/stuttgart,17
/ssd/leftImg8bit_sequence/train/stuttgart,18
/ssd/leftImg8bit_sequence/train/stuttgart,19
/ssd/leftImg8bit_sequence/train/stuttgart,20
/ssd/leftImg8bit_sequence/train/stuttgart,21
/ssd/leftImg8bit_sequence/train/stuttgart,22
/ssd/leftImg8bit_sequence/train/stuttgart,23
/ssd/leftImg8bit_sequence/train/stuttgart,24
/ssd/leftImg8bit_sequence/train/stuttgart,25
/ssd/leftImg8bit_sequence/train/stuttgart,26
/ssd/leftImg8bit_sequence/train/stuttgart,27
/ssd/leftImg8bit_sequence/train/stuttgart,28
/ssd/leftImg8bit_sequence/train/stuttgart,29
/ssd/leftImg8bit_sequence/train/stuttgart,30
/ssd/leftImg8bit_sequence/train/stuttgart,31
/ssd/leftImg8bit_sequence/train/stuttgart,32
/ssd/leftImg8bit_sequence/train/stuttgart,33
/ssd/leftImg8bit_sequence/train/stuttgart,34
/ssd/leftImg8bit_sequence/train/stuttgart,35
/ssd/leftImg8bit_sequence/train/stuttgart,36
/ssd/leftImg8bit_sequence/train/stuttgart,37
/ssd/leftImg8bit_sequence/train/stuttgart,38
/ssd/leftImg8bit_sequence/train/stuttgart,39
/ssd/leftImg8bit_sequence/train/stuttgart,40
/ssd/leftImg8bit_sequence/train/stuttgart,41
/ssd/leftImg8bit_sequence/train/stuttgart,42
/ssd/leftImg8bit_sequence/train/stuttgart,43
/ssd/leftImg8bit_sequence/train/stuttgart,44
/ssd/leftImg8bit_sequence/train/stuttgart,45
/ssd/leftImg8bit_sequence/train/stuttgart,46
/ssd/leftImg8bit_sequence/train/stuttgart,47
/ssd/leftImg8bit_sequence/train/stuttgart,48
/ssd/leftImg8bit_sequence/train/stuttgart,49
/ssd/leftImg8bit_sequence/train/stuttgart,50
/ssd/leftImg8bit_sequence/train/stuttgart,51
/ssd/leftImg8bit_sequence/train/stuttgart,52
/ssd/leftImg8bit_sequence/train/stuttgart,53
/ssd/leftImg8bit_sequence/train/stuttgart,54
/ssd/leftImg8bit_sequence/train/stuttgart,55
/ssd/leftImg8bit_sequence/train/stuttgart,56
/ssd/leftImg8bit_sequence/train/stuttgart,57
/ssd/leftImg8bit_sequence/train/stuttgart,58
/ssd/leftImg8bit_sequence/train/stuttgart,59
/ssd/leftImg8bit_sequence/train/stuttgart,60
/ssd/leftImg8bit_sequence/train/stuttgart,61
/ssd/leftImg8bit_sequence/train/stuttgart,62
/ssd/leftImg8bit_sequence/train/stuttgart,63
/ssd/leftImg8bit_sequence/train/stuttgart,64
/ssd/leftImg8bit_sequence/train/stuttgart,65
/ssd/leftImg8bit_sequence/train/stuttgart,66
/ssd/leftImg8bit_sequence/train/stuttgart,67
/ssd/leftImg8bit_sequence/train/stuttgart,68
/ssd/leftImg8bit_sequence/train/stuttgart,69
/ssd/leftImg8bit_sequence/train/stuttgart,70
/ssd/leftImg8bit_sequence/train/stuttgart,71
/ssd/leftImg8bit_sequence/train/stuttgart,72
/ssd/leftImg8bit_sequence/train/stuttgart,73
/ssd/leftImg8bit_sequence/train/stuttgart,74
/ssd/leftImg8bit_sequence/train/stuttgart,75
/ssd/leftImg8bit_sequence/train/stuttgart,76
/ssd/leftImg8bit_sequence/train/stuttgart,77
/ssd/leftImg8bit_sequence/train/stuttgart,78
/ssd/leftImg8bit_sequence/train/stuttgart,79
/ssd/leftImg8bit_sequence/train/stuttgart,80
/ssd/leftImg8bit_sequence/train/stuttgart,81
/ssd/leftImg8bit_sequence/train/stuttgart,82
/ssd/leftImg8bit_sequence/train/stuttgart,83
/ssd/leftImg8bit_sequence/train/stuttgart,84
/ssd/leftImg8bit_sequence/train/stuttgart,85
/ssd/leftImg8bit_sequence/train/stuttgart,86
/ssd/leftImg8bit_sequence/train/stuttgart,87
/ssd/leftImg8bit_sequence/train/stuttgart,88
/ssd/leftImg8bit_sequence/train/stuttgart,89
/ssd/leftImg8bit_sequence/train/stuttgart,90
/ssd/leftImg8bit_sequence/train/stuttgart,91
/ssd/leftImg8bit_sequence/train/stuttgart,92
/ssd/leftImg8bit_sequence/train/stuttgart,93
/ssd/leftImg8bit_sequence/train/stuttgart,94
/ssd/leftImg8bit_sequence/train/stuttgart,95
/ssd/leftImg8bit_sequence/train/stuttgart,96
/ssd/leftImg8bit_sequence/train/stuttgart,97
/ssd/leftImg8bit_sequence/train/stuttgart,98
/ssd/leftImg8bit_sequence/train/stuttgart,99
/ssd/leftImg8bit_sequence/train/stuttgart,100
/ssd/leftImg8bit_sequence/train/stuttgart,101
/ssd/leftImg8bit_sequence/train/stuttgart,102
/ssd/leftImg8bit_sequence/train/stuttgart,103
/ssd/leftImg8bit_sequence/train/stuttgart,104
/ssd/leftImg8bit_sequence/train/stuttgart,105
/ssd/leftImg8bit_sequence/train/stuttgart,106
/ssd/leftImg8bit_sequence/train/stuttgart,107
/ssd/leftImg8bit_sequence/train/stuttgart,108
/ssd/leftImg8bit_sequence/train/stuttgart,109
/ssd/leftImg8bit_sequence/train/stuttgart,110
/ssd/leftImg8bit_sequence/train/stuttgart,111
/ssd/leftImg8bit_sequence/train/stuttgart,112
/ssd/leftImg8bit_sequence/train/stuttgart,113
/ssd/leftImg8bit_sequence/train/stuttgart,114
/ssd/leftImg8bit_sequence/train/stuttgart,115
/ssd/leftImg8bit_sequence/train/stuttgart,116
/ssd/leftImg8bit_sequence/train/stuttgart,117
/ssd/leftImg8bit_sequence/train/stuttgart,118
/ssd/leftImg8bit_sequence/train/stuttgart,119
/ssd/leftImg8bit_sequence/train/stuttgart,120
/ssd/leftImg8bit_sequence/train/stuttgart,121
/ssd/leftImg8bit_sequence/train/stuttgart,122
/ssd/leftImg8bit_sequence/train/stuttgart,123
/ssd/leftImg8bit_sequence/train/stuttgart,124
/ssd/leftImg8bit_sequence/train/stuttgart,125
/ssd/leftImg8bit_sequence/train/stuttgart,126
/ssd/leftImg8bit_sequence/train/stuttgart,127
/ssd/leftImg8bit_sequence/train/stuttgart,128
/ssd/leftImg8bit_sequence/train/stuttgart,129
/ssd/leftImg8bit_sequence/train/stuttgart,130
/ssd/leftImg8bit_sequence/train/stuttgart,131
/ssd/leftImg8bit_sequence/train/stuttgart,132
/ssd/leftImg8bit_sequence/train/stuttgart,133
/ssd/leftImg8bit_sequence/train/stuttgart,134
/ssd/leftImg8bit_sequence/train/stuttgart,135
/ssd/leftImg8bit_sequence/train/stuttgart,136
/ssd/leftImg8bit_sequence/train/stuttgart,137
/ssd/leftImg8bit_sequence/train/stuttgart,138
/ssd/leftImg8bit_sequence/train/stuttgart,139
/ssd/leftImg8bit_sequence/train/stuttgart,140
/ssd/leftImg8bit_sequence/train/stuttgart,141
/ssd/leftImg8bit_sequence/train/stuttgart,142
/ssd/leftImg8bit_sequence/train/stuttgart,143
/ssd/leftImg8bit_sequence/train/stuttgart,144
/ssd/leftImg8bit_sequence/train/stuttgart,145
/ssd/leftImg8bit_sequence/train/stuttgart,146
/ssd/leftImg8bit_sequence/train/stuttgart,147
/ssd/leftImg8bit_sequence/train/stuttgart,148
/ssd/leftImg8bit_sequence/train/stuttgart,149
/ssd/leftImg8bit_sequence/train/stuttgart,150
/ssd/leftImg8bit_sequence/train/stuttgart,151
/ssd/leftImg8bit_sequence/train/stuttgart,152
/ssd/leftImg8bit_sequence/train/stuttgart,153
/ssd/leftImg8bit_sequence/train/stuttgart,154
/ssd/leftImg8bit_sequence/train/stuttgart,155
/ssd/leftImg8bit_sequence/train/stuttgart,156
/ssd/leftImg8bit_sequence/train/stuttgart,157
/ssd/leftImg8bit_sequence/train/stuttgart,158
/ssd/leftImg8bit_sequence/train/stuttgart,159
/ssd/leftImg8bit_sequence/train/stuttgart,160
/ssd/leftImg8bit_sequence/train/stuttgart,161
/ssd/leftImg8bit_sequence/train/stuttgart,162
/ssd/leftImg8bit_sequence/train/stuttgart,163
/ssd/leftImg8bit_sequence/train/stuttgart,164
/ssd/leftImg8bit_sequence/train/stuttgart,165
/ssd/leftImg8bit_sequence/train/stuttgart,166
/ssd/leftImg8bit_sequence/train/stuttgart,167
/ssd/leftImg8bit_sequence/train/stuttgart,168
/ssd/leftImg8bit_sequence/train/stuttgart,169
/ssd/leftImg8bit_sequence/train/stuttgart,170
/ssd/leftImg8bit_sequence/train/stuttgart,171
/ssd/leftImg8bit_sequence/train/stuttgart,172
/ssd/leftImg8bit_sequence/train/stuttgart,173
/ssd/leftImg8bit_sequence/train/stuttgart,174
/ssd/leftImg8bit_sequence/train/stuttgart,175
/ssd/leftImg8bit_sequence/train/stuttgart,176
/ssd/leftImg8bit_sequence/train/stuttgart,177
/ssd/leftImg8bit_sequence/train/stuttgart,178
/ssd/leftImg8bit_sequence/train/stuttgart,179
/ssd/leftImg8bit_sequence/train/stuttgart,180
/ssd/leftImg8bit_sequence/train/stuttgart,181
/ssd/leftImg8bit_sequence/train/stuttgart,182
/ssd/leftImg8bit_sequence/train/stuttgart,183
/ssd/leftImg8bit_sequence/train/stuttgart,184
/ssd/leftImg8bit_sequence/train/stuttgart,185
/ssd/leftImg8bit_sequence/train/stuttgart,186
/ssd/leftImg8bit_sequence/train/stuttgart,187
/ssd/leftImg8bit_sequence/train/stuttgart,188
/ssd/leftImg8bit_sequence/train/stuttgart,189
/ssd/leftImg8bit_sequence/train/stuttgart,190
/ssd/leftImg8bit_sequence/train/stuttgart,191
/ssd/leftImg8bit_sequence/train/stuttgart,192
/ssd/leftImg8bit_sequence/train/stuttgart,193
/ssd/leftImg8bit_sequence/train/stuttgart,194
/ssd/leftImg8bit_sequence/train/stuttgart,195
/ssd/leftImg8bit_sequence/train/tubingen,0
/ssd/leftImg8bit_sequence/train/tubingen,1
/ssd/leftImg8bit_sequence/train/tubingen,2
/ssd/leftImg8bit_sequence/train/tubingen,3
/ssd/leftImg8bit_sequence/train/tubingen,4
/ssd/leftImg8bit_sequence/train/tubingen,5
/ssd/leftImg8bit_sequence/train/tubingen,6
/ssd/leftImg8bit_sequence/train/tubingen,7
/ssd/leftImg8bit_sequence/train/tubingen,8
/ssd/leftImg8bit_sequence/train/tubingen,9
/ssd/leftImg8bit_sequence/train/tubingen,10
/ssd/leftImg8bit_sequence/train/tubingen,11
/ssd/leftImg8bit_sequence/train/tubingen,12
/ssd/leftImg8bit_sequence/train/tubingen,13
/ssd/leftImg8bit_sequence/train/tubingen,14
/ssd/leftImg8bit_sequence/train/tubingen,15
/ssd/leftImg8bit_sequence/train/tubingen,16
/ssd/leftImg8bit_sequence/train/tubingen,17
/ssd/leftImg8bit_sequence/train/tubingen,18
/ssd/leftImg8bit_sequence/train/tubingen,19
/ssd/leftImg8bit_sequence/train/tubingen,20
/ssd/leftImg8bit_sequence/train/tubingen,21
/ssd/leftImg8bit_sequence/train/tubingen,22
/ssd/leftImg8bit_sequence/train/tubingen,23
/ssd/leftImg8bit_sequence/train/tubingen,24
/ssd/leftImg8bit_sequence/train/tubingen,25
/ssd/leftImg8bit_sequence/train/tubingen,26
/ssd/leftImg8bit_sequence/train/tubingen,27
/ssd/leftImg8bit_sequence/train/tubingen,28
/ssd/leftImg8bit_sequence/train/tubingen,29
/ssd/leftImg8bit_sequence/train/tubingen,30
/ssd/leftImg8bit_sequence/train/tubingen,31
/ssd/leftImg8bit_sequence/train/tubingen,32
/ssd/leftImg8bit_sequence/train/tubingen,33
/ssd/leftImg8bit_sequence/train/tubingen,34
/ssd/leftImg8bit_sequence/train/tubingen,35
/ssd/leftImg8bit_sequence/train/tubingen,36
/ssd/leftImg8bit_sequence/train/tubingen,37
/ssd/leftImg8bit_sequence/train/tubingen,38
/ssd/leftImg8bit_sequence/train/tubingen,39
/ssd/leftImg8bit_sequence/train/tubingen,40
/ssd/leftImg8bit_sequence/train/tubingen,41
/ssd/leftImg8bit_sequence/train/tubingen,42
/ssd/leftImg8bit_sequence/train/tubingen,43
/ssd/leftImg8bit_sequence/train/tubingen,44
/ssd/leftImg8bit_sequence/train/tubingen,45
/ssd/leftImg8bit_sequence/train/tubingen,46
/ssd/leftImg8bit_sequence/train/tubingen,47
/ssd/leftImg8bit_sequence/train/tubingen,48
/ssd/leftImg8bit_sequence/train/tubingen,49
/ssd/leftImg8bit_sequence/train/tubingen,50
/ssd/leftImg8bit_sequence/train/tubingen,51
/ssd/leftImg8bit_sequence/train/tubingen,52
/ssd/leftImg8bit_sequence/train/tubingen,53
/ssd/leftImg8bit_sequence/train/tubingen,54
/ssd/leftImg8bit_sequence/train/tubingen,55
/ssd/leftImg8bit_sequence/train/tubingen,56
/ssd/leftImg8bit_sequence/train/tubingen,57
/ssd/leftImg8bit_sequence/train/tubingen,58
/ssd/leftImg8bit_sequence/train/tubingen,59
/ssd/leftImg8bit_sequence/train/tubingen,60
/ssd/leftImg8bit_sequence/train/tubingen,61
/ssd/leftImg8bit_sequence/train/tubingen,62
/ssd/leftImg8bit_sequence/train/tubingen,63
/ssd/leftImg8bit_sequence/train/tubingen,64
/ssd/leftImg8bit_sequence/train/tubingen,65
/ssd/leftImg8bit_sequence/train/tubingen,66
/ssd/leftImg8bit_sequence/train/tubingen,67
/ssd/leftImg8bit_sequence/train/tubingen,68
/ssd/leftImg8bit_sequence/train/tubingen,69
/ssd/leftImg8bit_sequence/train/tubingen,70
/ssd/leftImg8bit_sequence/train/tubingen,71
/ssd/leftImg8bit_sequence/train/tubingen,72
/ssd/leftImg8bit_sequence/train/tubingen,73
/ssd/leftImg8bit_sequence/train/tubingen,74
/ssd/leftImg8bit_sequence/train/tubingen,75
/ssd/leftImg8bit_sequence/train/tubingen,76
/ssd/leftImg8bit_sequence/train/tubingen,77
/ssd/leftImg8bit_sequence/train/tubingen,78
/ssd/leftImg8bit_sequence/train/tubingen,79
/ssd/leftImg8bit_sequence/train/tubingen,80
/ssd/leftImg8bit_sequence/train/tubingen,81
/ssd/leftImg8bit_sequence/train/tubingen,82
/ssd/leftImg8bit_sequence/train/tubingen,83
/ssd/leftImg8bit_sequence/train/tubingen,84
/ssd/leftImg8bit_sequence/train/tubingen,85
/ssd/leftImg8bit_sequence/train/tubingen,86
/ssd/leftImg8bit_sequence/train/tubingen,87
/ssd/leftImg8bit_sequence/train/tubingen,88
/ssd/leftImg8bit_sequence/train/tubingen,89
/ssd/leftImg8bit_sequence/train/tubingen,90
/ssd/leftImg8bit_sequence/train/tubingen,91
/ssd/leftImg8bit_sequence/train/tubingen,92
/ssd/leftImg8bit_sequence/train/tubingen,93
/ssd/leftImg8bit_sequence/train/tubingen,94
/ssd/leftImg8bit_sequence/train/tubingen,95
/ssd/leftImg8bit_sequence/train/tubingen,96
/ssd/leftImg8bit_sequence/train/tubingen,97
/ssd/leftImg8bit_sequence/train/tubingen,98
/ssd/leftImg8bit_sequence/train/tubingen,99
/ssd/leftImg8bit_sequence/train/tubingen,100
/ssd/leftImg8bit_sequence/train/tubingen,101
/ssd/leftImg8bit_sequence/train/tubingen,102
/ssd/leftImg8bit_sequence/train/tubingen,103
/ssd/leftImg8bit_sequence/train/tubingen,104
/ssd/leftImg8bit_sequence/train/tubingen,105
/ssd/leftImg8bit_sequence/train/tubingen,106
/ssd/leftImg8bit_sequence/train/tubingen,107
/ssd/leftImg8bit_sequence/train/tubingen,108
/ssd/leftImg8bit_sequence/train/tubingen,109
/ssd/leftImg8bit_sequence/train/tubingen,110
/ssd/leftImg8bit_sequence/train/tubingen,111
/ssd/leftImg8bit_sequence/train/tubingen,112
/ssd/leftImg8bit_sequence/train/tubingen,113
/ssd/leftImg8bit_sequence/train/tubingen,114
/ssd/leftImg8bit_sequence/train/tubingen,115
/ssd/leftImg8bit_sequence/train/tubingen,116
/ssd/leftImg8bit_sequence/train/tubingen,117
/ssd/leftImg8bit_sequence/train/tubingen,118
/ssd/leftImg8bit_sequence/train/tubingen,119
/ssd/leftImg8bit_sequence/train/tubingen,120
/ssd/leftImg8bit_sequence/train/tubingen,121
/ssd/leftImg8bit_sequence/train/tubingen,122
/ssd/leftImg8bit_sequence/train/tubingen,123
/ssd/leftImg8bit_sequence/train/tubingen,124
/ssd/leftImg8bit_sequence/train/tubingen,125
/ssd/leftImg8bit_sequence/train/tubingen,126
/ssd/leftImg8bit_sequence/train/tubingen,127
/ssd/leftImg8bit_sequence/train/tubingen,128
/ssd/leftImg8bit_sequence/train/tubingen,129
/ssd/leftImg8bit_sequence/train/tubingen,130
/ssd/leftImg8bit_sequence/train/tubingen,131
/ssd/leftImg8bit_sequence/train/tubingen,132
/ssd/leftImg8bit_sequence/train/tubingen,133
/ssd/leftImg8bit_sequence/train/tubingen,134
/ssd/leftImg8bit_sequence/train/tubingen,135
/ssd/leftImg8bit_sequence/train/tubingen,136
/ssd/leftImg8bit_sequence/train/tubingen,137
/ssd/leftImg8bit_sequence/train/tubingen,138
/ssd/leftImg8bit_sequence/train/tubingen,139
/ssd/leftImg8bit_sequence/train/tubingen,140
/ssd/leftImg8bit_sequence/train/tubingen,141
/ssd/leftImg8bit_sequence/train/tubingen,142
/ssd/leftImg8bit_sequence/train/tubingen,143
/ssd/leftImg8bit_sequence/train/ulm,0
/ssd/leftImg8bit_sequence/train/ulm,1
/ssd/leftImg8bit_sequence/train/ulm,2
/ssd/leftImg8bit_sequence/train/ulm,3
/ssd/leftImg8bit_sequence/train/ulm,4
/ssd/leftImg8bit_sequence/train/ulm,5
/ssd/leftImg8bit_sequence/train/ulm,6
/ssd/leftImg8bit_sequence/train/ulm,7
/ssd/leftImg8bit_sequence/train/ulm,8
/ssd/leftImg8bit_sequence/train/ulm,9
/ssd/leftImg8bit_sequence/train/ulm,10
/ssd/leftImg8bit_sequence/train/ulm,11
/ssd/leftImg8bit_sequence/train/ulm,12
/ssd/leftImg8bit_sequence/train/ulm,13
/ssd/leftImg8bit_sequence/train/ulm,14
/ssd/leftImg8bit_sequence/train/ulm,15
/ssd/leftImg8bit_sequence/train/ulm,16
/ssd/leftImg8bit_sequence/train/ulm,17
/ssd/leftImg8bit_sequence/train/ulm,18
/ssd/leftImg8bit_sequence/train/ulm,19
/ssd/leftImg8bit_sequence/train/ulm,20
/ssd/leftImg8bit_sequence/train/ulm,21
/ssd/leftImg8bit_sequence/train/ulm,22
/ssd/leftImg8bit_sequence/train/ulm,23
/ssd/leftImg8bit_sequence/train/ulm,24
/ssd/leftImg8bit_sequence/train/ulm,25
/ssd/leftImg8bit_sequence/train/ulm,26
/ssd/leftImg8bit_sequence/train/ulm,27
/ssd/leftImg8bit_sequence/train/ulm,28
/ssd/leftImg8bit_sequence/train/ulm,29
/ssd/leftImg8bit_sequence/train/ulm,30
/ssd/leftImg8bit_sequence/train/ulm,31
/ssd/leftImg8bit_sequence/train/ulm,32
/ssd/leftImg8bit_sequence/train/ulm,33
/ssd/leftImg8bit_sequence/train/ulm,34
/ssd/leftImg8bit_sequence/train/ulm,35
/ssd/leftImg8bit_sequence/train/ulm,36
/ssd/leftImg8bit_sequence/train/ulm,37
/ssd/leftImg8bit_sequence/train/ulm,38
/ssd/leftImg8bit_sequence/train/ulm,39
/ssd/leftImg8bit_sequence/train/ulm,40
/ssd/leftImg8bit_sequence/train/ulm,41
/ssd/leftImg8bit_sequence/train/ulm,42
/ssd/leftImg8bit_sequence/train/ulm,43
/ssd/leftImg8bit_sequence/train/ulm,44
/ssd/leftImg8bit_sequence/train/ulm,45
/ssd/leftImg8bit_sequence/train/ulm,46
/ssd/leftImg8bit_sequence/train/ulm,47
/ssd/leftImg8bit_sequence/train/ulm,48
/ssd/leftImg8bit_sequence/train/ulm,49
/ssd/leftImg8bit_sequence/train/ulm,50
/ssd/leftImg8bit_sequence/train/ulm,51
/ssd/leftImg8bit_sequence/train/ulm,52
/ssd/leftImg8bit_sequence/train/ulm,53
/ssd/leftImg8bit_sequence/train/ulm,54
/ssd/leftImg8bit_sequence/train/ulm,55
/ssd/leftImg8bit_sequence/train/ulm,56
/ssd/leftImg8bit_sequence/train/ulm,57
/ssd/leftImg8bit_sequence/train/ulm,58
/ssd/leftImg8bit_sequence/train/ulm,59
/ssd/leftImg8bit_sequence/train/ulm,60
/ssd/leftImg8bit_sequence/train/ulm,61
/ssd/leftImg8bit_sequence/train/ulm,62
/ssd/leftImg8bit_sequence/train/ulm,63
/ssd/leftImg8bit_sequence/train/ulm,64
/ssd/leftImg8bit_sequence/train/ulm,65
/ssd/leftImg8bit_sequence/train/ulm,66
/ssd/leftImg8bit_sequence/train/ulm,67
/ssd/leftImg8bit_sequence/train/ulm,68
/ssd/leftImg8bit_sequence/train/ulm,69
/ssd/leftImg8bit_sequence/train/ulm,70
/ssd/leftImg8bit_sequence/train/ulm,71
/ssd/leftImg8bit_sequence/train/ulm,72
/ssd/leftImg8bit_sequence/train/ulm,73
/ssd/leftImg8bit_sequence/train/ulm,74
/ssd/leftImg8bit_sequence/train/ulm,75
/ssd/leftImg8bit_sequence/train/ulm,76
/ssd/leftImg8bit_sequence/train/ulm,77
/ssd/leftImg8bit_sequence/train/ulm,78
/ssd/leftImg8bit_sequence/train/ulm,79
/ssd/leftImg8bit_sequence/train/ulm,80
/ssd/leftImg8bit_sequence/train/ulm,81
/ssd/leftImg8bit_sequence/train/ulm,82
/ssd/leftImg8bit_sequence/train/ulm,83
/ssd/leftImg8bit_sequence/train/ulm,84
/ssd/leftImg8bit_sequence/train/ulm,85
/ssd/leftImg8bit_sequence/train/ulm,86
/ssd/leftImg8bit_sequence/train/ulm,87
/ssd/leftImg8bit_sequence/train/ulm,88
/ssd/leftImg8bit_sequence/train/ulm,89
/ssd/leftImg8bit_sequence/train/ulm,90
/ssd/leftImg8bit_sequence/train/ulm,91
/ssd/leftImg8bit_sequence/train/ulm,92
/ssd/leftImg8bit_sequence/train/ulm,93
/ssd/leftImg8bit_sequence/train/ulm,94
/ssd/leftImg8bit_sequence/train/weimar,0
/ssd/leftImg8bit_sequence/train/weimar,1
/ssd/leftImg8bit_sequence/train/weimar,2
/ssd/leftImg8bit_sequence/train/weimar,3
/ssd/leftImg8bit_sequence/train/weimar,4
/ssd/leftImg8bit_sequence/train/weimar,5
/ssd/leftImg8bit_sequence/train/weimar,6
/ssd/leftImg8bit_sequence/train/weimar,7
/ssd/leftImg8bit_sequence/train/weimar,8
/ssd/leftImg8bit_sequence/train/weimar,9
/ssd/leftImg8bit_sequence/train/weimar,10
/ssd/leftImg8bit_sequence/train/weimar,11
/ssd/leftImg8bit_sequence/train/weimar,12
/ssd/leftImg8bit_sequence/train/weimar,13
/ssd/leftImg8bit_sequence/train/weimar,14
/ssd/leftImg8bit_sequence/train/weimar,15
/ssd/leftImg8bit_sequence/train/weimar,16
/ssd/leftImg8bit_sequence/train/weimar,17
/ssd/leftImg8bit_sequence/train/weimar,18
/ssd/leftImg8bit_sequence/train/weimar,19
/ssd/leftImg8bit_sequence/train/weimar,20
/ssd/leftImg8bit_sequence/train/weimar,21
/ssd/leftImg8bit_sequence/train/weimar,22
/ssd/leftImg8bit_sequence/train/weimar,23
/ssd/leftImg8bit_sequence/train/weimar,24
/ssd/leftImg8bit_sequence/train/weimar,25
/ssd/leftImg8bit_sequence/train/weimar,26
/ssd/leftImg8bit_sequence/train/weimar,27
/ssd/leftImg8bit_sequence/train/weimar,28
/ssd/leftImg8bit_sequence/train/weimar,29
/ssd/leftImg8bit_sequence/train/weimar,30
/ssd/leftImg8bit_sequence/train/weimar,31
/ssd/leftImg8bit_sequence/train/weimar,32
/ssd/leftImg8bit_sequence/train/weimar,33
/ssd/leftImg8bit_sequence/train/weimar,34
/ssd/leftImg8bit_sequence/train/weimar,35
/ssd/leftImg8bit_sequence/train/weimar,36
/ssd/leftImg8bit_sequence/train/weimar,37
/ssd/leftImg8bit_sequence/train/weimar,38
/ssd/leftImg8bit_sequence/train/weimar,39
/ssd/leftImg8bit_sequence/train/weimar,40
/ssd/leftImg8bit_sequence/train/weimar,41
/ssd/leftImg8bit_sequence/train/weimar,42
/ssd/leftImg8bit_sequence/train/weimar,43
/ssd/leftImg8bit_sequence/train/weimar,44
/ssd/leftImg8bit_sequence/train/weimar,45
/ssd/leftImg8bit_sequence/train/weimar,46
/ssd/leftImg8bit_sequence/train/weimar,47
/ssd/leftImg8bit_sequence/train/weimar,48
/ssd/leftImg8bit_sequence/train/weimar,49
/ssd/leftImg8bit_sequence/train/weimar,50
/ssd/leftImg8bit_sequence/train/weimar,51
/ssd/leftImg8bit_sequence/train/weimar,52
/ssd/leftImg8bit_sequence/train/weimar,53
/ssd/leftImg8bit_sequence/train/weimar,54
/ssd/leftImg8bit_sequence/train/weimar,55
/ssd/leftImg8bit_sequence/train/weimar,56
/ssd/leftImg8bit_sequence/train/weimar,57
/ssd/leftImg8bit_sequence/train/weimar,58
/ssd/leftImg8bit_sequence/train/weimar,59
/ssd/leftImg8bit_sequence/train/weimar,60
/ssd/leftImg8bit_sequence/train/weimar,61
/ssd/leftImg8bit_sequence/train/weimar,62
/ssd/leftImg8bit_sequence/train/weimar,63
/ssd/leftImg8bit_sequence/train/weimar,64
/ssd/leftImg8bit_sequence/train/weimar,65
/ssd/leftImg8bit_sequence/train/weimar,66
/ssd/leftImg8bit_sequence/train/weimar,67
/ssd/leftImg8bit_sequence/train/weimar,68
/ssd/leftImg8bit_sequence/train/weimar,69
/ssd/leftImg8bit_sequence/train/weimar,70
/ssd/leftImg8bit_sequence/train/weimar,71
/ssd/leftImg8bit_sequence/train/weimar,72
/ssd/leftImg8bit_sequence/train/weimar,73
/ssd/leftImg8bit_sequence/train/weimar,74
/ssd/leftImg8bit_sequence/train/weimar,75
/ssd/leftImg8bit_sequence/train/weimar,76
/ssd/leftImg8bit_sequence/train/weimar,77
/ssd/leftImg8bit_sequence/train/weimar,78
/ssd/leftImg8bit_sequence/train/weimar,79
/ssd/leftImg8bit_sequence/train/weimar,80
/ssd/leftImg8bit_sequence/train/weimar,81
/ssd/leftImg8bit_sequence/train/weimar,82
/ssd/leftImg8bit_sequence/train/weimar,83
/ssd/leftImg8bit_sequence/train/weimar,84
/ssd/leftImg8bit_sequence/train/weimar,85
/ssd/leftImg8bit_sequence/train/weimar,86
/ssd/leftImg8bit_sequence/train/weimar,87
/ssd/leftImg8bit_sequence/train/weimar,88
/ssd/leftImg8bit_sequence/train/weimar,89
/ssd/leftImg8bit_sequence/train/weimar,90
/ssd/leftImg8bit_sequence/train/weimar,91
/ssd/leftImg8bit_sequence/train/weimar,92
/ssd/leftImg8bit_sequence/train/weimar,93
/ssd/leftImg8bit_sequence/train/weimar,94
/ssd/leftImg8bit_sequence/train/weimar,95
/ssd/leftImg8bit_sequence/train/weimar,96
/ssd/leftImg8bit_sequence/train/weimar,97
/ssd/leftImg8bit_sequence/train/weimar,98
/ssd/leftImg8bit_sequence/train/weimar,99
/ssd/leftImg8bit_sequence/train/weimar,100
/ssd/leftImg8bit_sequence/train/weimar,101
/ssd/leftImg8bit_sequence/train/weimar,102
/ssd/leftImg8bit_sequence/train/weimar,103
/ssd/leftImg8bit_sequence/train/weimar,104
/ssd/leftImg8bit_sequence/train/weimar,105
/ssd/leftImg8bit_sequence/train/weimar,106
/ssd/leftImg8bit_sequence/train/weimar,107
/ssd/leftImg8bit_sequence/train/weimar,108
/ssd/leftImg8bit_sequence/train/weimar,109
/ssd/leftImg8bit_sequence/train/weimar,110
/ssd/leftImg8bit_sequence/train/weimar,111
/ssd/leftImg8bit_sequence/train/weimar,112
/ssd/leftImg8bit_sequence/train/weimar,113
/ssd/leftImg8bit_sequence/train/weimar,114
/ssd/leftImg8bit_sequence/train/weimar,115
/ssd/leftImg8bit_sequence/train/weimar,116
/ssd/leftImg8bit_sequence/train/weimar,117
/ssd/leftImg8bit_sequence/train/weimar,118
/ssd/leftImg8bit_sequence/train/weimar,119
/ssd/leftImg8bit_sequence/train/weimar,120
/ssd/leftImg8bit_sequence/train/weimar,121
/ssd/leftImg8bit_sequence/train/weimar,122
/ssd/leftImg8bit_sequence/train/weimar,123
/ssd/leftImg8bit_sequence/train/weimar,124
/ssd/leftImg8bit_sequence/train/weimar,125
/ssd/leftImg8bit_sequence/train/weimar,126
/ssd/leftImg8bit_sequence/train/weimar,127
/ssd/leftImg8bit_sequence/train/weimar,128
/ssd/leftImg8bit_sequence/train/weimar,129
/ssd/leftImg8bit_sequence/train/weimar,130
/ssd/leftImg8bit_sequence/train/weimar,131
/ssd/leftImg8bit_sequence/train/weimar,132
/ssd/leftImg8bit_sequence/train/weimar,133
/ssd/leftImg8bit_sequence/train/weimar,134
/ssd/leftImg8bit_sequence/train/weimar,135
/ssd/leftImg8bit_sequence/train/weimar,136
/ssd/leftImg8bit_sequence/train/weimar,137
/ssd/leftImg8bit_sequence/train/weimar,138
/ssd/leftImg8bit_sequence/train/weimar,139
/ssd/leftImg8bit_sequence/train/weimar,140
/ssd/leftImg8bit_sequence/train/weimar,141
/ssd/leftImg8bit_sequence/train/zurich,0
/ssd/leftImg8bit_sequence/train/zurich,1
/ssd/leftImg8bit_sequence/train/zurich,2
/ssd/leftImg8bit_sequence/train/zurich,3
/ssd/leftImg8bit_sequence/train/zurich,4
/ssd/leftImg8bit_sequence/train/zurich,5
/ssd/leftImg8bit_sequence/train/zurich,6
/ssd/leftImg8bit_sequence/train/zurich,7
/ssd/leftImg8bit_sequence/train/zurich,8
/ssd/leftImg8bit_sequence/train/zurich,9
/ssd/leftImg8bit_sequence/train/zurich,10
/ssd/leftImg8bit_sequence/train/zurich,11
/ssd/leftImg8bit_sequence/train/zurich,12
/ssd/leftImg8bit_sequence/train/zurich,13
/ssd/leftImg8bit_sequence/train/zurich,14
/ssd/leftImg8bit_sequence/train/zurich,15
/ssd/leftImg8bit_sequence/train/zurich,16
/ssd/leftImg8bit_sequence/train/zurich,17
/ssd/leftImg8bit_sequence/train/zurich,18
/ssd/leftImg8bit_sequence/train/zurich,19
/ssd/leftImg8bit_sequence/train/zurich,20
/ssd/leftImg8bit_sequence/train/zurich,21
/ssd/leftImg8bit_sequence/train/zurich,22
/ssd/leftImg8bit_sequence/train/zurich,23
/ssd/leftImg8bit_sequence/train/zurich,24
/ssd/leftImg8bit_sequence/train/zurich,25
/ssd/leftImg8bit_sequence/train/zurich,26
/ssd/leftImg8bit_sequence/train/zurich,27
/ssd/leftImg8bit_sequence/train/zurich,28
/ssd/leftImg8bit_sequence/train/zurich,29
/ssd/leftImg8bit_sequence/train/zurich,30
/ssd/leftImg8bit_sequence/train/zurich,31
/ssd/leftImg8bit_sequence/train/zurich,32
/ssd/leftImg8bit_sequence/train/zurich,33
/ssd/leftImg8bit_sequence/train/zurich,34
/ssd/leftImg8bit_sequence/train/zurich,35
/ssd/leftImg8bit_sequence/train/zurich,36
/ssd/leftImg8bit_sequence/train/zurich,37
/ssd/leftImg8bit_sequence/train/zurich,38
/ssd/leftImg8bit_sequence/train/zurich,39
/ssd/leftImg8bit_sequence/train/zurich,40
/ssd/leftImg8bit_sequence/train/zurich,41
/ssd/leftImg8bit_sequence/train/zurich,42
/ssd/leftImg8bit_sequence/train/zurich,43
/ssd/leftImg8bit_sequence/train/zurich,44
/ssd/leftImg8bit_sequence/train/zurich,45
/ssd/leftImg8bit_sequence/train/zurich,46
/ssd/leftImg8bit_sequence/train/zurich,47
/ssd/leftImg8bit_sequence/train/zurich,48
/ssd/leftImg8bit_sequence/train/zurich,49
/ssd/leftImg8bit_sequence/train/zurich,50
/ssd/leftImg8bit_sequence/train/zurich,51
/ssd/leftImg8bit_sequence/train/zurich,52
/ssd/leftImg8bit_sequence/train/zurich,53
/ssd/leftImg8bit_sequence/train/zurich,54
/ssd/leftImg8bit_sequence/train/zurich,55
/ssd/leftImg8bit_sequence/train/zurich,56
/ssd/leftImg8bit_sequence/train/zurich,57
/ssd/leftImg8bit_sequence/train/zurich,58
/ssd/leftImg8bit_sequence/train/zurich,59
/ssd/leftImg8bit_sequence/train/zurich,60
/ssd/leftImg8bit_sequence/train/zurich,61
/ssd/leftImg8bit_sequence/train/zurich,62
/ssd/leftImg8bit_sequence/train/zurich,63
/ssd/leftImg8bit_sequence/train/zurich,64
/ssd/leftImg8bit_sequence/train/zurich,65
/ssd/leftImg8bit_sequence/train/zurich,66
/ssd/leftImg8bit_sequence/train/zurich,67
/ssd/leftImg8bit_sequence/train/zurich,68
/ssd/leftImg8bit_sequence/train/zurich,69
/ssd/leftImg8bit_sequence/train/zurich,70
/ssd/leftImg8bit_sequence/train/zurich,71
/ssd/leftImg8bit_sequence/train/zurich,72
/ssd/leftImg8bit_sequence/train/zurich,73
/ssd/leftImg8bit_sequence/train/zurich,74
/ssd/leftImg8bit_sequence/train/zurich,75
/ssd/leftImg8bit_sequence/train/zurich,76
/ssd/leftImg8bit_sequence/train/zurich,77
/ssd/leftImg8bit_sequence/train/zurich,78
/ssd/leftImg8bit_sequence/train/zurich,79
/ssd/leftImg8bit_sequence/train/zurich,80
/ssd/leftImg8bit_sequence/train/zurich,81
/ssd/leftImg8bit_sequence/train/zurich,82
/ssd/leftImg8bit_sequence/train/zurich,83
/ssd/leftImg8bit_sequence/train/zurich,84
/ssd/leftImg8bit_sequence/train/zurich,85
/ssd/leftImg8bit_sequence/train/zurich,86
/ssd/leftImg8bit_sequence/train/zurich,87
/ssd/leftImg8bit_sequence/train/zurich,88
/ssd/leftImg8bit_sequence/train/zurich,89
/ssd/leftImg8bit_sequence/train/zurich,90
/ssd/leftImg8bit_sequence/train/zurich,91
/ssd/leftImg8bit_sequence/train/zurich,92
/ssd/leftImg8bit_sequence/train/zurich,93
/ssd/leftImg8bit_sequence/train/zurich,94
/ssd/leftImg8bit_sequence/train/zurich,95
/ssd/leftImg8bit_sequence/train/zurich,96
/ssd/leftImg8bit_sequence/train/zurich,97
/ssd/leftImg8bit_sequence/train/zurich,98
/ssd/leftImg8bit_sequence/train/zurich,99
/ssd/leftImg8bit_sequence/train/zurich,100
/ssd/leftImg8bit_sequence/train/zurich,101
/ssd/leftImg8bit_sequence/train/zurich,102
/ssd/leftImg8bit_sequence/train/zurich,103
/ssd/leftImg8bit_sequence/train/zurich,104
/ssd/leftImg8bit_sequence/train/zurich,105
/ssd/leftImg8bit_sequence/train/zurich,106
/ssd/leftImg8bit_sequence/train/zurich,107
/ssd/leftImg8bit_sequence/train/zurich,108
/ssd/leftImg8bit_sequence/train/zurich,109
/ssd/leftImg8bit_sequence/train/zurich,110
/ssd/leftImg8bit_sequence/train/zurich,111
/ssd/leftImg8bit_sequence/train/zurich,112
/ssd/leftImg8bit_sequence/train/zurich,113
/ssd/leftImg8bit_sequence/train/zurich,114
/ssd/leftImg8bit_sequence/train/zurich,115
/ssd/leftImg8bit_sequence/train/zurich,116
/ssd/leftImg8bit_sequence/train/zurich,117
/ssd/leftImg8bit_sequence/train/zurich,118
/ssd/leftImg8bit_sequence/train/zurich,119
/ssd/leftImg8bit_sequence/train/zurich,120
/ssd/leftImg8bit_sequence/train/zurich,121
